DateKey,FullDate,DayNumber,DayName,WeekdayFlag,WeekendFlag,WeekOfYear,MonthNumber,MonthName,QuarterNumber,QuarterName,YearNumber,YearMonth,IsHoliday,HolidayName
19000101,1900-01-01,1,Monday,Y,N,1,1,January,1,Q1,1900,1900-01,0,
20160101,2016-01-01,1,Friday,Y,N,53,1,January,1,Q1,2016,2016-01,1,New Year's Day
20160102,2016-01-02,2,Saturday,N,Y,53,1,January,1,Q1,2016,2016-01,0,
20160103,2016-01-03,3,Sunday,N,Y,53,1,January,1,Q1,2016,2016-01,0,
20160104,2016-01-04,4,Monday,Y,N,1,1,January,1,Q1,2016,2016-01,0,
20160105,2016-01-05,5,Tuesday,Y,N,1,1,January,1,Q1,2016,2016-01,0,
20160106,2016-01-06,6,Wednesday,Y,N,1,1,January,1,Q1,2016,2016-01,0,
20160107,2016-01-07,7,Thursday,Y,N,1,1,January,1,Q1,2016,2016-01,0,
20160108,2016-01-08,8,Friday,Y,N,1,1,January,1,Q1,2016,2016-01,0,
20160109,2016-01-09,9,Saturday,N,Y,1,1,January,1,Q1,2016,2016-01,0,
20160110,2016-01-10,10,Sunday,N,Y,1,1,January,1,Q1,2016,2016-01,0,
20160111,2016-01-11,11,Monday,Y,N,2,1,January,1,Q1,2016,2016-01,0,
20160112,2016-01-12,12,Tuesday,Y,N,2,1,January,1,Q1,2016,2016-01,0,
20160113,2016-01-13,13,Wednesday,Y,N,2,1,January,1,Q1,2016,2016-01,0,
20160114,2016-01-14,14,Thursday,Y,N,2,1,January,1,Q1,2016,2016-01,0,
20160115,2016-01-15,15,Friday,Y,N,2,1,January,1,Q1,2016,2016-01,0,
20160116,2016-01-16,16,Saturday,N,Y,2,1,January,1,Q1,2016,2016-01,0,
20160117,2016-01-17,17,Sunday,N,Y,2,1,January,1,Q1,2016,2016-01,0,
20160118,2016-01-18,18,Monday,Y,N,3,1,January,1,Q1,2016,2016-01,0,
20160119,2016-01-19,19,Tuesday,Y,N,3,1,January,1,Q1,2016,2016-01,0,
20160120,2016-01-20,20,Wednesday,Y,N,3,1,January,1,Q1,2016,2016-01,0,
20160121,2016-01-21,21,Thursday,Y,N,3,1,January,1,Q1,2016,2016-01,0,
20160122,2016-01-22,22,Friday,Y,N,3,1,January,1,Q1,2016,2016-01,0,
20160123,2016-01-23,23,Saturday,N,Y,3,1,January,1,Q1,2016,2016-01,0,
20160124,2016-01-24,24,Sunday,N,Y,3,1,January,1,Q1,2016,2016-01,0,
20160125,2016-01-25,25,Monday,Y,N,4,1,January,1,Q1,2016,2016-01,0,
20160126,2016-01-26,26,Tuesday,Y,N,4,1,January,1,Q1,2016,2016-01,0,
20160127,2016-01-27,27,Wednesday,Y,N,4,1,January,1,Q1,2016,2016-01,0,
20160128,2016-01-28,28,Thursday,Y,N,4,1,January,1,Q1,2016,2016-01,0,
20160129,2016-01-29,29,Friday,Y,N,4,1,January,1,Q1,2016,2016-01,0,
20160130,2016-01-30,30,Saturday,N,Y,4,1,January,1,Q1,2016,2016-01,0,
20160131,2016-01-31,31,Sunday,N,Y,4,1,January,1,Q1,2016,2016-01,0,
20160201,2016-02-01,1,Monday,Y,N,5,2,February,1,Q1,2016,2016-02,0,
20160202,2016-02-02,2,Tuesday,Y,N,5,2,February,1,Q1,2016,2016-02,0,
20160203,2016-02-03,3,Wednesday,Y,N,5,2,February,1,Q1,2016,2016-02,0,
20160204,2016-02-04,4,Thursday,Y,N,5,2,February,1,Q1,2016,2016-02,0,
20160205,2016-02-05,5,Friday,Y,N,5,2,February,1,Q1,2016,2016-02,0,
20160206,2016-02-06,6,Saturday,N,Y,5,2,February,1,Q1,2016,2016-02,0,
20160207,2016-02-07,7,Sunday,N,Y,5,2,February,1,Q1,2016,2016-02,0,
20160208,2016-02-08,8,Monday,Y,N,6,2,February,1,Q1,2016,2016-02,1,Carnival
20160209,2016-02-09,9,Tuesday,Y,N,6,2,February,1,Q1,2016,2016-02,1,Carnival
20160210,2016-02-10,10,Wednesday,Y,N,6,2,February,1,Q1,2016,2016-02,0,
20160211,2016-02-11,11,Thursday,Y,N,6,2,February,1,Q1,2016,2016-02,0,
20160212,2016-02-12,12,Friday,Y,N,6,2,February,1,Q1,2016,2016-02,0,
20160213,2016-02-13,13,Saturday,N,Y,6,2,February,1,Q1,2016,2016-02,0,
20160214,2016-02-14,14,Sunday,N,Y,6,2,February,1,Q1,2016,2016-02,0,
20160215,2016-02-15,15,Monday,Y,N,7,2,February,1,Q1,2016,2016-02,0,
20160216,2016-02-16,16,Tuesday,Y,N,7,2,February,1,Q1,2016,2016-02,0,
20160217,2016-02-17,17,Wednesday,Y,N,7,2,February,1,Q1,2016,2016-02,0,
20160218,2016-02-18,18,Thursday,Y,N,7,2,February,1,Q1,2016,2016-02,0,
20160219,2016-02-19,19,Friday,Y,N,7,2,February,1,Q1,2016,2016-02,0,
20160220,2016-02-20,20,Saturday,N,Y,7,2,February,1,Q1,2016,2016-02,0,
20160221,2016-02-21,21,Sunday,N,Y,7,2,February,1,Q1,2016,2016-02,0,
20160222,2016-02-22,22,Monday,Y,N,8,2,February,1,Q1,2016,2016-02,0,
20160223,2016-02-23,23,Tuesday,Y,N,8,2,February,1,Q1,2016,2016-02,0,
20160224,2016-02-24,24,Wednesday,Y,N,8,2,February,1,Q1,2016,2016-02,0,
20160225,2016-02-25,25,Thursday,Y,N,8,2,February,1,Q1,2016,2016-02,0,
20160226,2016-02-26,26,Friday,Y,N,8,2,February,1,Q1,2016,2016-02,0,
20160227,2016-02-27,27,Saturday,N,Y,8,2,February,1,Q1,2016,2016-02,0,
20160228,2016-02-28,28,Sunday,N,Y,8,2,February,1,Q1,2016,2016-02,0,
20160229,2016-02-29,29,Monday,Y,N,9,2,February,1,Q1,2016,2016-02,0,
20160301,2016-03-01,1,Tuesday,Y,N,9,3,March,1,Q1,2016,2016-03,0,
20160302,2016-03-02,2,Wednesday,Y,N,9,3,March,1,Q1,2016,2016-03,0,
20160303,2016-03-03,3,Thursday,Y,N,9,3,March,1,Q1,2016,2016-03,0,
20160304,2016-03-04,4,Friday,Y,N,9,3,March,1,Q1,2016,2016-03,0,
20160305,2016-03-05,5,Saturday,N,Y,9,3,March,1,Q1,2016,2016-03,0,
20160306,2016-03-06,6,Sunday,N,Y,9,3,March,1,Q1,2016,2016-03,0,
20160307,2016-03-07,7,Monday,Y,N,10,3,March,1,Q1,2016,2016-03,0,
20160308,2016-03-08,8,Tuesday,Y,N,10,3,March,1,Q1,2016,2016-03,0,
20160309,2016-03-09,9,Wednesday,Y,N,10,3,March,1,Q1,2016,2016-03,0,
20160310,2016-03-10,10,Thursday,Y,N,10,3,March,1,Q1,2016,2016-03,0,
20160311,2016-03-11,11,Friday,Y,N,10,3,March,1,Q1,2016,2016-03,0,
20160312,2016-03-12,12,Saturday,N,Y,10,3,March,1,Q1,2016,2016-03,0,
20160313,2016-03-13,13,Sunday,N,Y,10,3,March,1,Q1,2016,2016-03,0,
20160314,2016-03-14,14,Monday,Y,N,11,3,March,1,Q1,2016,2016-03,0,
20160315,2016-03-15,15,Tuesday,Y,N,11,3,March,1,Q1,2016,2016-03,0,
20160316,2016-03-16,16,Wednesday,Y,N,11,3,March,1,Q1,2016,2016-03,0,
20160317,2016-03-17,17,Thursday,Y,N,11,3,March,1,Q1,2016,2016-03,0,
20160318,2016-03-18,18,Friday,Y,N,11,3,March,1,Q1,2016,2016-03,0,
20160319,2016-03-19,19,Saturday,N,Y,11,3,March,1,Q1,2016,2016-03,0,
20160320,2016-03-20,20,Sunday,N,Y,11,3,March,1,Q1,2016,2016-03,0,
20160321,2016-03-21,21,Monday,Y,N,12,3,March,1,Q1,2016,2016-03,0,
20160322,2016-03-22,22,Tuesday,Y,N,12,3,March,1,Q1,2016,2016-03,0,
20160323,2016-03-23,23,Wednesday,Y,N,12,3,March,1,Q1,2016,2016-03,0,
20160324,2016-03-24,24,Thursday,Y,N,12,3,March,1,Q1,2016,2016-03,0,
20160325,2016-03-25,25,Friday,Y,N,12,3,March,1,Q1,2016,2016-03,1,Good Friday
20160326,2016-03-26,26,Saturday,N,Y,12,3,March,1,Q1,2016,2016-03,0,
20160327,2016-03-27,27,Sunday,N,Y,12,3,March,1,Q1,2016,2016-03,1,Easter Sunday
20160328,2016-03-28,28,Monday,Y,N,13,3,March,1,Q1,2016,2016-03,0,
20160329,2016-03-29,29,Tuesday,Y,N,13,3,March,1,Q1,2016,2016-03,0,
20160330,2016-03-30,30,Wednesday,Y,N,13,3,March,1,Q1,2016,2016-03,0,
20160331,2016-03-31,31,Thursday,Y,N,13,3,March,1,Q1,2016,2016-03,0,
20160401,2016-04-01,1,Friday,Y,N,13,4,April,2,Q2,2016,2016-04,0,
20160402,2016-04-02,2,Saturday,N,Y,13,4,April,2,Q2,2016,2016-04,0,
20160403,2016-04-03,3,Sunday,N,Y,13,4,April,2,Q2,2016,2016-04,0,
20160404,2016-04-04,4,Monday,Y,N,14,4,April,2,Q2,2016,2016-04,0,
20160405,2016-04-05,5,Tuesday,Y,N,14,4,April,2,Q2,2016,2016-04,0,
20160406,2016-04-06,6,Wednesday,Y,N,14,4,April,2,Q2,2016,2016-04,0,
20160407,2016-04-07,7,Thursday,Y,N,14,4,April,2,Q2,2016,2016-04,0,
20160408,2016-04-08,8,Friday,Y,N,14,4,April,2,Q2,2016,2016-04,0,
20160409,2016-04-09,9,Saturday,N,Y,14,4,April,2,Q2,2016,2016-04,0,
20160410,2016-04-10,10,Sunday,N,Y,14,4,April,2,Q2,2016,2016-04,0,
20160411,2016-04-11,11,Monday,Y,N,15,4,April,2,Q2,2016,2016-04,0,
20160412,2016-04-12,12,Tuesday,Y,N,15,4,April,2,Q2,2016,2016-04,0,
20160413,2016-04-13,13,Wednesday,Y,N,15,4,April,2,Q2,2016,2016-04,0,
20160414,2016-04-14,14,Thursday,Y,N,15,4,April,2,Q2,2016,2016-04,0,
20160415,2016-04-15,15,Friday,Y,N,15,4,April,2,Q2,2016,2016-04,0,
20160416,2016-04-16,16,Saturday,N,Y,15,4,April,2,Q2,2016,2016-04,0,
20160417,2016-04-17,17,Sunday,N,Y,15,4,April,2,Q2,2016,2016-04,0,
20160418,2016-04-18,18,Monday,Y,N,16,4,April,2,Q2,2016,2016-04,0,
20160419,2016-04-19,19,Tuesday,Y,N,16,4,April,2,Q2,2016,2016-04,0,
20160420,2016-04-20,20,Wednesday,Y,N,16,4,April,2,Q2,2016,2016-04,0,
20160421,2016-04-21,21,Thursday,Y,N,16,4,April,2,Q2,2016,2016-04,1,Tiradentes
20160422,2016-04-22,22,Friday,Y,N,16,4,April,2,Q2,2016,2016-04,0,
20160423,2016-04-23,23,Saturday,N,Y,16,4,April,2,Q2,2016,2016-04,0,
20160424,2016-04-24,24,Sunday,N,Y,16,4,April,2,Q2,2016,2016-04,0,
20160425,2016-04-25,25,Monday,Y,N,17,4,April,2,Q2,2016,2016-04,0,
20160426,2016-04-26,26,Tuesday,Y,N,17,4,April,2,Q2,2016,2016-04,0,
20160427,2016-04-27,27,Wednesday,Y,N,17,4,April,2,Q2,2016,2016-04,0,
20160428,2016-04-28,28,Thursday,Y,N,17,4,April,2,Q2,2016,2016-04,0,
20160429,2016-04-29,29,Friday,Y,N,17,4,April,2,Q2,2016,2016-04,0,
20160430,2016-04-30,30,Saturday,N,Y,17,4,April,2,Q2,2016,2016-04,0,
20160501,2016-05-01,1,Sunday,N,Y,17,5,May,2,Q2,2016,2016-05,1,Labour Day
20160502,2016-05-02,2,Monday,Y,N,18,5,May,2,Q2,2016,2016-05,0,
20160503,2016-05-03,3,Tuesday,Y,N,18,5,May,2,Q2,2016,2016-05,0,
20160504,2016-05-04,4,Wednesday,Y,N,18,5,May,2,Q2,2016,2016-05,0,
20160505,2016-05-05,5,Thursday,Y,N,18,5,May,2,Q2,2016,2016-05,0,
20160506,2016-05-06,6,Friday,Y,N,18,5,May,2,Q2,2016,2016-05,0,
20160507,2016-05-07,7,Saturday,N,Y,18,5,May,2,Q2,2016,2016-05,0,
20160508,2016-05-08,8,Sunday,N,Y,18,5,May,2,Q2,2016,2016-05,0,
20160509,2016-05-09,9,Monday,Y,N,19,5,May,2,Q2,2016,2016-05,0,
20160510,2016-05-10,10,Tuesday,Y,N,19,5,May,2,Q2,2016,2016-05,0,
20160511,2016-05-11,11,Wednesday,Y,N,19,5,May,2,Q2,2016,2016-05,0,
20160512,2016-05-12,12,Thursday,Y,N,19,5,May,2,Q2,2016,2016-05,0,
20160513,2016-05-13,13,Friday,Y,N,19,5,May,2,Q2,2016,2016-05,0,
20160514,2016-05-14,14,Saturday,N,Y,19,5,May,2,Q2,2016,2016-05,0,
20160515,2016-05-15,15,Sunday,N,Y,19,5,May,2,Q2,2016,2016-05,0,
20160516,2016-05-16,16,Monday,Y,N,20,5,May,2,Q2,2016,2016-05,0,
20160517,2016-05-17,17,Tuesday,Y,N,20,5,May,2,Q2,2016,2016-05,0,
20160518,2016-05-18,18,Wednesday,Y,N,20,5,May,2,Q2,2016,2016-05,0,
20160519,2016-05-19,19,Thursday,Y,N,20,5,May,2,Q2,2016,2016-05,0,
20160520,2016-05-20,20,Friday,Y,N,20,5,May,2,Q2,2016,2016-05,0,
20160521,2016-05-21,21,Saturday,N,Y,20,5,May,2,Q2,2016,2016-05,0,
20160522,2016-05-22,22,Sunday,N,Y,20,5,May,2,Q2,2016,2016-05,0,
20160523,2016-05-23,23,Monday,Y,N,21,5,May,2,Q2,2016,2016-05,0,
20160524,2016-05-24,24,Tuesday,Y,N,21,5,May,2,Q2,2016,2016-05,0,
20160525,2016-05-25,25,Wednesday,Y,N,21,5,May,2,Q2,2016,2016-05,0,
20160526,2016-05-26,26,Thursday,Y,N,21,5,May,2,Q2,2016,2016-05,1,Corpus Christi
20160527,2016-05-27,27,Friday,Y,N,21,5,May,2,Q2,2016,2016-05,0,
20160528,2016-05-28,28,Saturday,N,Y,21,5,May,2,Q2,2016,2016-05,0,
20160529,2016-05-29,29,Sunday,N,Y,21,5,May,2,Q2,2016,2016-05,0,
20160530,2016-05-30,30,Monday,Y,N,22,5,May,2,Q2,2016,2016-05,0,
20160531,2016-05-31,31,Tuesday,Y,N,22,5,May,2,Q2,2016,2016-05,0,
20160601,2016-06-01,1,Wednesday,Y,N,22,6,June,2,Q2,2016,2016-06,0,
20160602,2016-06-02,2,Thursday,Y,N,22,6,June,2,Q2,2016,2016-06,0,
20160603,2016-06-03,3,Friday,Y,N,22,6,June,2,Q2,2016,2016-06,0,
20160604,2016-06-04,4,Saturday,N,Y,22,6,June,2,Q2,2016,2016-06,0,
20160605,2016-06-05,5,Sunday,N,Y,22,6,June,2,Q2,2016,2016-06,0,
20160606,2016-06-06,6,Monday,Y,N,23,6,June,2,Q2,2016,2016-06,0,
20160607,2016-06-07,7,Tuesday,Y,N,23,6,June,2,Q2,2016,2016-06,0,
20160608,2016-06-08,8,Wednesday,Y,N,23,6,June,2,Q2,2016,2016-06,0,
20160609,2016-06-09,9,Thursday,Y,N,23,6,June,2,Q2,2016,2016-06,0,
20160610,2016-06-10,10,Friday,Y,N,23,6,June,2,Q2,2016,2016-06,0,
20160611,2016-06-11,11,Saturday,N,Y,23,6,June,2,Q2,2016,2016-06,0,
20160612,2016-06-12,12,Sunday,N,Y,23,6,June,2,Q2,2016,2016-06,0,
20160613,2016-06-13,13,Monday,Y,N,24,6,June,2,Q2,2016,2016-06,0,
20160614,2016-06-14,14,Tuesday,Y,N,24,6,June,2,Q2,2016,2016-06,0,
20160615,2016-06-15,15,Wednesday,Y,N,24,6,June,2,Q2,2016,2016-06,0,
20160616,2016-06-16,16,Thursday,Y,N,24,6,June,2,Q2,2016,2016-06,0,
20160617,2016-06-17,17,Friday,Y,N,24,6,June,2,Q2,2016,2016-06,0,
20160618,2016-06-18,18,Saturday,N,Y,24,6,June,2,Q2,2016,2016-06,0,
20160619,2016-06-19,19,Sunday,N,Y,24,6,June,2,Q2,2016,2016-06,0,
20160620,2016-06-20,20,Monday,Y,N,25,6,June,2,Q2,2016,2016-06,0,
20160621,2016-06-21,21,Tuesday,Y,N,25,6,June,2,Q2,2016,2016-06,0,
20160622,2016-06-22,22,Wednesday,Y,N,25,6,June,2,Q2,2016,2016-06,0,
20160623,2016-06-23,23,Thursday,Y,N,25,6,June,2,Q2,2016,2016-06,0,
20160624,2016-06-24,24,Friday,Y,N,25,6,June,2,Q2,2016,2016-06,0,
20160625,2016-06-25,25,Saturday,N,Y,25,6,June,2,Q2,2016,2016-06,0,
20160626,2016-06-26,26,Sunday,N,Y,25,6,June,2,Q2,2016,2016-06,0,
20160627,2016-06-27,27,Monday,Y,N,26,6,June,2,Q2,2016,2016-06,0,
20160628,2016-06-28,28,Tuesday,Y,N,26,6,June,2,Q2,2016,2016-06,0,
20160629,2016-06-29,29,Wednesday,Y,N,26,6,June,2,Q2,2016,2016-06,0,
20160630,2016-06-30,30,Thursday,Y,N,26,6,June,2,Q2,2016,2016-06,0,
20160701,2016-07-01,1,Friday,Y,N,26,7,July,3,Q3,2016,2016-07,0,
20160702,2016-07-02,2,Saturday,N,Y,26,7,July,3,Q3,2016,2016-07,0,
20160703,2016-07-03,3,Sunday,N,Y,26,7,July,3,Q3,2016,2016-07,0,
20160704,2016-07-04,4,Monday,Y,N,27,7,July,3,Q3,2016,2016-07,0,
20160705,2016-07-05,5,Tuesday,Y,N,27,7,July,3,Q3,2016,2016-07,0,
20160706,2016-07-06,6,Wednesday,Y,N,27,7,July,3,Q3,2016,2016-07,0,
20160707,2016-07-07,7,Thursday,Y,N,27,7,July,3,Q3,2016,2016-07,0,
20160708,2016-07-08,8,Friday,Y,N,27,7,July,3,Q3,2016,2016-07,0,
20160709,2016-07-09,9,Saturday,N,Y,27,7,July,3,Q3,2016,2016-07,1,Constitutionalist Revolution of 1932
20160710,2016-07-10,10,Sunday,N,Y,27,7,July,3,Q3,2016,2016-07,0,
20160711,2016-07-11,11,Monday,Y,N,28,7,July,3,Q3,2016,2016-07,0,
20160712,2016-07-12,12,Tuesday,Y,N,28,7,July,3,Q3,2016,2016-07,0,
20160713,2016-07-13,13,Wednesday,Y,N,28,7,July,3,Q3,2016,2016-07,0,
20160714,2016-07-14,14,Thursday,Y,N,28,7,July,3,Q3,2016,2016-07,0,
20160715,2016-07-15,15,Friday,Y,N,28,7,July,3,Q3,2016,2016-07,0,
20160716,2016-07-16,16,Saturday,N,Y,28,7,July,3,Q3,2016,2016-07,0,
20160717,2016-07-17,17,Sunday,N,Y,28,7,July,3,Q3,2016,2016-07,0,
20160718,2016-07-18,18,Monday,Y,N,29,7,July,3,Q3,2016,2016-07,0,
20160719,2016-07-19,19,Tuesday,Y,N,29,7,July,3,Q3,2016,2016-07,0,
20160720,2016-07-20,20,Wednesday,Y,N,29,7,July,3,Q3,2016,2016-07,0,
20160721,2016-07-21,21,Thursday,Y,N,29,7,July,3,Q3,2016,2016-07,0,
20160722,2016-07-22,22,Friday,Y,N,29,7,July,3,Q3,2016,2016-07,0,
20160723,2016-07-23,23,Saturday,N,Y,29,7,July,3,Q3,2016,2016-07,0,
20160724,2016-07-24,24,Sunday,N,Y,29,7,July,3,Q3,2016,2016-07,0,
20160725,2016-07-25,25,Monday,Y,N,30,7,July,3,Q3,2016,2016-07,0,
20160726,2016-07-26,26,Tuesday,Y,N,30,7,July,3,Q3,2016,2016-07,0,
20160727,2016-07-27,27,Wednesday,Y,N,30,7,July,3,Q3,2016,2016-07,0,
20160728,2016-07-28,28,Thursday,Y,N,30,7,July,3,Q3,2016,2016-07,0,
20160729,2016-07-29,29,Friday,Y,N,30,7,July,3,Q3,2016,2016-07,0,
20160730,2016-07-30,30,Saturday,N,Y,30,7,July,3,Q3,2016,2016-07,0,
20160731,2016-07-31,31,Sunday,N,Y,30,7,July,3,Q3,2016,2016-07,0,
20160801,2016-08-01,1,Monday,Y,N,31,8,August,3,Q3,2016,2016-08,0,
20160802,2016-08-02,2,Tuesday,Y,N,31,8,August,3,Q3,2016,2016-08,0,
20160803,2016-08-03,3,Wednesday,Y,N,31,8,August,3,Q3,2016,2016-08,0,
20160804,2016-08-04,4,Thursday,Y,N,31,8,August,3,Q3,2016,2016-08,0,
20160805,2016-08-05,5,Friday,Y,N,31,8,August,3,Q3,2016,2016-08,0,
20160806,2016-08-06,6,Saturday,N,Y,31,8,August,3,Q3,2016,2016-08,0,
20160807,2016-08-07,7,Sunday,N,Y,31,8,August,3,Q3,2016,2016-08,0,
20160808,2016-08-08,8,Monday,Y,N,32,8,August,3,Q3,2016,2016-08,0,
20160809,2016-08-09,9,Tuesday,Y,N,32,8,August,3,Q3,2016,2016-08,0,
20160810,2016-08-10,10,Wednesday,Y,N,32,8,August,3,Q3,2016,2016-08,0,
20160811,2016-08-11,11,Thursday,Y,N,32,8,August,3,Q3,2016,2016-08,0,
20160812,2016-08-12,12,Friday,Y,N,32,8,August,3,Q3,2016,2016-08,0,
20160813,2016-08-13,13,Saturday,N,Y,32,8,August,3,Q3,2016,2016-08,0,
20160814,2016-08-14,14,Sunday,N,Y,32,8,August,3,Q3,2016,2016-08,0,
20160815,2016-08-15,15,Monday,Y,N,33,8,August,3,Q3,2016,2016-08,0,
20160816,2016-08-16,16,Tuesday,Y,N,33,8,August,3,Q3,2016,2016-08,0,
20160817,2016-08-17,17,Wednesday,Y,N,33,8,August,3,Q3,2016,2016-08,0,
20160818,2016-08-18,18,Thursday,Y,N,33,8,August,3,Q3,2016,2016-08,0,
20160819,2016-08-19,19,Friday,Y,N,33,8,August,3,Q3,2016,2016-08,0,
20160820,2016-08-20,20,Saturday,N,Y,33,8,August,3,Q3,2016,2016-08,0,
20160821,2016-08-21,21,Sunday,N,Y,33,8,August,3,Q3,2016,2016-08,0,
20160822,2016-08-22,22,Monday,Y,N,34,8,August,3,Q3,2016,2016-08,0,
20160823,2016-08-23,23,Tuesday,Y,N,34,8,August,3,Q3,2016,2016-08,0,
20160824,2016-08-24,24,Wednesday,Y,N,34,8,August,3,Q3,2016,2016-08,0,
20160825,2016-08-25,25,Thursday,Y,N,34,8,August,3,Q3,2016,2016-08,0,
20160826,2016-08-26,26,Friday,Y,N,34,8,August,3,Q3,2016,2016-08,0,
20160827,2016-08-27,27,Saturday,N,Y,34,8,August,3,Q3,2016,2016-08,0,
20160828,2016-08-28,28,Sunday,N,Y,34,8,August,3,Q3,2016,2016-08,0,
20160829,2016-08-29,29,Monday,Y,N,35,8,August,3,Q3,2016,2016-08,0,
20160830,2016-08-30,30,Tuesday,Y,N,35,8,August,3,Q3,2016,2016-08,0,
20160831,2016-08-31,31,Wednesday,Y,N,35,8,August,3,Q3,2016,2016-08,0,
20160901,2016-09-01,1,Thursday,Y,N,35,9,September,3,Q3,2016,2016-09,0,
20160902,2016-09-02,2,Friday,Y,N,35,9,September,3,Q3,2016,2016-09,0,
20160903,2016-09-03,3,Saturday,N,Y,35,9,September,3,Q3,2016,2016-09,0,
20160904,2016-09-04,4,Sunday,N,Y,35,9,September,3,Q3,2016,2016-09,0,
20160905,2016-09-05,5,Monday,Y,N,36,9,September,3,Q3,2016,2016-09,0,
20160906,2016-09-06,6,Tuesday,Y,N,36,9,September,3,Q3,2016,2016-09,0,
20160907,2016-09-07,7,Wednesday,Y,N,36,9,September,3,Q3,2016,2016-09,1,Independence Day
20160908,2016-09-08,8,Thursday,Y,N,36,9,September,3,Q3,2016,2016-09,0,
20160909,2016-09-09,9,Friday,Y,N,36,9,September,3,Q3,2016,2016-09,0,
20160910,2016-09-10,10,Saturday,N,Y,36,9,September,3,Q3,2016,2016-09,0,
20160911,2016-09-11,11,Sunday,N,Y,36,9,September,3,Q3,2016,2016-09,0,
20160912,2016-09-12,12,Monday,Y,N,37,9,September,3,Q3,2016,2016-09,0,
20160913,2016-09-13,13,Tuesday,Y,N,37,9,September,3,Q3,2016,2016-09,0,
20160914,2016-09-14,14,Wednesday,Y,N,37,9,September,3,Q3,2016,2016-09,0,
20160915,2016-09-15,15,Thursday,Y,N,37,9,September,3,Q3,2016,2016-09,0,
20160916,2016-09-16,16,Friday,Y,N,37,9,September,3,Q3,2016,2016-09,0,
20160917,2016-09-17,17,Saturday,N,Y,37,9,September,3,Q3,2016,2016-09,0,
20160918,2016-09-18,18,Sunday,N,Y,37,9,September,3,Q3,2016,2016-09,0,
20160919,2016-09-19,19,Monday,Y,N,38,9,September,3,Q3,2016,2016-09,0,
20160920,2016-09-20,20,Tuesday,Y,N,38,9,September,3,Q3,2016,2016-09,0,
20160921,2016-09-21,21,Wednesday,Y,N,38,9,September,3,Q3,2016,2016-09,0,
20160922,2016-09-22,22,Thursday,Y,N,38,9,September,3,Q3,2016,2016-09,0,
20160923,2016-09-23,23,Friday,Y,N,38,9,September,3,Q3,2016,2016-09,0,
20160924,2016-09-24,24,Saturday,N,Y,38,9,September,3,Q3,2016,2016-09,0,
20160925,2016-09-25,25,Sunday,N,Y,38,9,September,3,Q3,2016,2016-09,0,
20160926,2016-09-26,26,Monday,Y,N,39,9,September,3,Q3,2016,2016-09,0,
20160927,2016-09-27,27,Tuesday,Y,N,39,9,September,3,Q3,2016,2016-09,0,
20160928,2016-09-28,28,Wednesday,Y,N,39,9,September,3,Q3,2016,2016-09,0,
20160929,2016-09-29,29,Thursday,Y,N,39,9,September,3,Q3,2016,2016-09,0,
20160930,2016-09-30,30,Friday,Y,N,39,9,September,3,Q3,2016,2016-09,0,
20161001,2016-10-01,1,Saturday,N,Y,39,10,October,4,Q4,2016,2016-10,0,
20161002,2016-10-02,2,Sunday,N,Y,39,10,October,4,Q4,2016,2016-10,0,
20161003,2016-10-03,3,Monday,Y,N,40,10,October,4,Q4,2016,2016-10,0,
20161004,2016-10-04,4,Tuesday,Y,N,40,10,October,4,Q4,2016,2016-10,0,
20161005,2016-10-05,5,Wednesday,Y,N,40,10,October,4,Q4,2016,2016-10,0,
20161006,2016-10-06,6,Thursday,Y,N,40,10,October,4,Q4,2016,2016-10,0,
20161007,2016-10-07,7,Friday,Y,N,40,10,October,4,Q4,2016,2016-10,0,
20161008,2016-10-08,8,Saturday,N,Y,40,10,October,4,Q4,2016,2016-10,0,
20161009,2016-10-09,9,Sunday,N,Y,40,10,October,4,Q4,2016,2016-10,0,
20161010,2016-10-10,10,Monday,Y,N,41,10,October,4,Q4,2016,2016-10,0,
20161011,2016-10-11,11,Tuesday,Y,N,41,10,October,4,Q4,2016,2016-10,0,
20161012,2016-10-12,12,Wednesday,Y,N,41,10,October,4,Q4,2016,2016-10,1,Our Lady of Aparecida
20161013,2016-10-13,13,Thursday,Y,N,41,10,October,4,Q4,2016,2016-10,0,
20161014,2016-10-14,14,Friday,Y,N,41,10,October,4,Q4,2016,2016-10,0,
20161015,2016-10-15,15,Saturday,N,Y,41,10,October,4,Q4,2016,2016-10,0,
20161016,2016-10-16,16,Sunday,N,Y,41,10,October,4,Q4,2016,2016-10,0,
20161017,2016-10-17,17,Monday,Y,N,42,10,October,4,Q4,2016,2016-10,0,
20161018,2016-10-18,18,Tuesday,Y,N,42,10,October,4,Q4,2016,2016-10,0,
20161019,2016-10-19,19,Wednesday,Y,N,42,10,October,4,Q4,2016,2016-10,0,
20161020,2016-10-20,20,Thursday,Y,N,42,10,October,4,Q4,2016,2016-10,0,
20161021,2016-10-21,21,Friday,Y,N,42,10,October,4,Q4,2016,2016-10,0,
20161022,2016-10-22,22,Saturday,N,Y,42,10,October,4,Q4,2016,2016-10,0,
20161023,2016-10-23,23,Sunday,N,Y,42,10,October,4,Q4,2016,2016-10,0,
20161024,2016-10-24,24,Monday,Y,N,43,10,October,4,Q4,2016,2016-10,0,
20161025,2016-10-25,25,Tuesday,Y,N,43,10,October,4,Q4,2016,2016-10,0,
20161026,2016-10-26,26,Wednesday,Y,N,43,10,October,4,Q4,2016,2016-10,0,
20161027,2016-10-27,27,Thursday,Y,N,43,10,October,4,Q4,2016,2016-10,0,
20161028,2016-10-28,28,Friday,Y,N,43,10,October,4,Q4,2016,2016-10,0,
20161029,2016-10-29,29,Saturday,N,Y,43,10,October,4,Q4,2016,2016-10,0,
20161030,2016-10-30,30,Sunday,N,Y,43,10,October,4,Q4,2016,2016-10,0,
20161031,2016-10-31,31,Monday,Y,N,44,10,October,4,Q4,2016,2016-10,0,
20161101,2016-11-01,1,Tuesday,Y,N,44,11,November,4,Q4,2016,2016-11,0,
20161102,2016-11-02,2,Wednesday,Y,N,44,11,November,4,Q4,2016,2016-11,1,All Souls' Day
20161103,2016-11-03,3,Thursday,Y,N,44,11,November,4,Q4,2016,2016-11,0,
20161104,2016-11-04,4,Friday,Y,N,44,11,November,4,Q4,2016,2016-11,0,
20161105,2016-11-05,5,Saturday,N,Y,44,11,November,4,Q4,2016,2016-11,0,
20161106,2016-11-06,6,Sunday,N,Y,44,11,November,4,Q4,2016,2016-11,0,
20161107,2016-11-07,7,Monday,Y,N,45,11,November,4,Q4,2016,2016-11,0,
20161108,2016-11-08,8,Tuesday,Y,N,45,11,November,4,Q4,2016,2016-11,0,
20161109,2016-11-09,9,Wednesday,Y,N,45,11,November,4,Q4,2016,2016-11,0,
20161110,2016-11-10,10,Thursday,Y,N,45,11,November,4,Q4,2016,2016-11,0,
20161111,2016-11-11,11,Friday,Y,N,45,11,November,4,Q4,2016,2016-11,0,
20161112,2016-11-12,12,Saturday,N,Y,45,11,November,4,Q4,2016,2016-11,0,
20161113,2016-11-13,13,Sunday,N,Y,45,11,November,4,Q4,2016,2016-11,0,
20161114,2016-11-14,14,Monday,Y,N,46,11,November,4,Q4,2016,2016-11,0,
20161115,2016-11-15,15,Tuesday,Y,N,46,11,November,4,Q4,2016,2016-11,1,Republic Proclamation Day
20161116,2016-11-16,16,Wednesday,Y,N,46,11,November,4,Q4,2016,2016-11,0,
20161117,2016-11-17,17,Thursday,Y,N,46,11,November,4,Q4,2016,2016-11,0,
20161118,2016-11-18,18,Friday,Y,N,46,11,November,4,Q4,2016,2016-11,0,
20161119,2016-11-19,19,Saturday,N,Y,46,11,November,4,Q4,2016,2016-11,0,
20161120,2016-11-20,20,Sunday,N,Y,46,11,November,4,Q4,2016,2016-11,0,
20161121,2016-11-21,21,Monday,Y,N,47,11,November,4,Q4,2016,2016-11,0,
20161122,2016-11-22,22,Tuesday,Y,N,47,11,November,4,Q4,2016,2016-11,0,
20161123,2016-11-23,23,Wednesday,Y,N,47,11,November,4,Q4,2016,2016-11,0,
20161124,2016-11-24,24,Thursday,Y,N,47,11,November,4,Q4,2016,2016-11,0,
20161125,2016-11-25,25,Friday,Y,N,47,11,November,4,Q4,2016,2016-11,0,
20161126,2016-11-26,26,Saturday,N,Y,47,11,November,4,Q4,2016,2016-11,0,
20161127,2016-11-27,27,Sunday,N,Y,47,11,November,4,Q4,2016,2016-11,0,
20161128,2016-11-28,28,Monday,Y,N,48,11,November,4,Q4,2016,2016-11,0,
20161129,2016-11-29,29,Tuesday,Y,N,48,11,November,4,Q4,2016,2016-11,0,
20161130,2016-11-30,30,Wednesday,Y,N,48,11,November,4,Q4,2016,2016-11,0,
20161201,2016-12-01,1,Thursday,Y,N,48,12,December,4,Q4,2016,2016-12,0,
20161202,2016-12-02,2,Friday,Y,N,48,12,December,4,Q4,2016,2016-12,0,
20161203,2016-12-03,3,Saturday,N,Y,48,12,December,4,Q4,2016,2016-12,0,
20161204,2016-12-04,4,Sunday,N,Y,48,12,December,4,Q4,2016,2016-12,0,
20161205,2016-12-05,5,Monday,Y,N,49,12,December,4,Q4,2016,2016-12,0,
20161206,2016-12-06,6,Tuesday,Y,N,49,12,December,4,Q4,2016,2016-12,0,
20161207,2016-12-07,7,Wednesday,Y,N,49,12,December,4,Q4,2016,2016-12,0,
20161208,2016-12-08,8,Thursday,Y,N,49,12,December,4,Q4,2016,2016-12,0,
20161209,2016-12-09,9,Friday,Y,N,49,12,December,4,Q4,2016,2016-12,0,
20161210,2016-12-10,10,Saturday,N,Y,49,12,December,4,Q4,2016,2016-12,0,
20161211,2016-12-11,11,Sunday,N,Y,49,12,December,4,Q4,2016,2016-12,0,
20161212,2016-12-12,12,Monday,Y,N,50,12,December,4,Q4,2016,2016-12,0,
20161213,2016-12-13,13,Tuesday,Y,N,50,12,December,4,Q4,2016,2016-12,0,
20161214,2016-12-14,14,Wednesday,Y,N,50,12,December,4,Q4,2016,2016-12,0,
20161215,2016-12-15,15,Thursday,Y,N,50,12,December,4,Q4,2016,2016-12,0,
20161216,2016-12-16,16,Friday,Y,N,50,12,December,4,Q4,2016,2016-12,0,
20161217,2016-12-17,17,Saturday,N,Y,50,12,December,4,Q4,2016,2016-12,0,
20161218,2016-12-18,18,Sunday,N,Y,50,12,December,4,Q4,2016,2016-12,0,
20161219,2016-12-19,19,Monday,Y,N,51,12,December,4,Q4,2016,2016-12,0,
20161220,2016-12-20,20,Tuesday,Y,N,51,12,December,4,Q4,2016,2016-12,0,
20161221,2016-12-21,21,Wednesday,Y,N,51,12,December,4,Q4,2016,2016-12,0,
20161222,2016-12-22,22,Thursday,Y,N,51,12,December,4,Q4,2016,2016-12,0,
20161223,2016-12-23,23,Friday,Y,N,51,12,December,4,Q4,2016,2016-12,0,
20161224,2016-12-24,24,Saturday,N,Y,51,12,December,4,Q4,2016,2016-12,0,
20161225,2016-12-25,25,Sunday,N,Y,51,12,December,4,Q4,2016,2016-12,1,Christmas Day
20161226,2016-12-26,26,Monday,Y,N,52,12,December,4,Q4,2016,2016-12,0,
20161227,2016-12-27,27,Tuesday,Y,N,52,12,December,4,Q4,2016,2016-12,0,
20161228,2016-12-28,28,Wednesday,Y,N,52,12,December,4,Q4,2016,2016-12,0,
20161229,2016-12-29,29,Thursday,Y,N,52,12,December,4,Q4,2016,2016-12,0,
20161230,2016-12-30,30,Friday,Y,N,52,12,December,4,Q4,2016,2016-12,0,
20161231,2016-12-31,31,Saturday,N,Y,52,12,December,4,Q4,2016,2016-12,0,
20170101,2017-01-01,1,Sunday,N,Y,52,1,January,1,Q1,2017,2017-01,1,New Year's Day
20170102,2017-01-02,2,Monday,Y,N,1,1,January,1,Q1,2017,2017-01,0,
20170103,2017-01-03,3,Tuesday,Y,N,1,1,January,1,Q1,2017,2017-01,0,
20170104,2017-01-04,4,Wednesday,Y,N,1,1,January,1,Q1,2017,2017-01,0,
20170105,2017-01-05,5,Thursday,Y,N,1,1,January,1,Q1,2017,2017-01,0,
20170106,2017-01-06,6,Friday,Y,N,1,1,January,1,Q1,2017,2017-01,0,
20170107,2017-01-07,7,Saturday,N,Y,1,1,January,1,Q1,2017,2017-01,0,
20170108,2017-01-08,8,Sunday,N,Y,1,1,January,1,Q1,2017,2017-01,0,
20170109,2017-01-09,9,Monday,Y,N,2,1,January,1,Q1,2017,2017-01,0,
20170110,2017-01-10,10,Tuesday,Y,N,2,1,January,1,Q1,2017,2017-01,0,
20170111,2017-01-11,11,Wednesday,Y,N,2,1,January,1,Q1,2017,2017-01,0,
20170112,2017-01-12,12,Thursday,Y,N,2,1,January,1,Q1,2017,2017-01,0,
20170113,2017-01-13,13,Friday,Y,N,2,1,January,1,Q1,2017,2017-01,0,
20170114,2017-01-14,14,Saturday,N,Y,2,1,January,1,Q1,2017,2017-01,0,
20170115,2017-01-15,15,Sunday,N,Y,2,1,January,1,Q1,2017,2017-01,0,
20170116,2017-01-16,16,Monday,Y,N,3,1,January,1,Q1,2017,2017-01,0,
20170117,2017-01-17,17,Tuesday,Y,N,3,1,January,1,Q1,2017,2017-01,0,
20170118,2017-01-18,18,Wednesday,Y,N,3,1,January,1,Q1,2017,2017-01,0,
20170119,2017-01-19,19,Thursday,Y,N,3,1,January,1,Q1,2017,2017-01,0,
20170120,2017-01-20,20,Friday,Y,N,3,1,January,1,Q1,2017,2017-01,0,
20170121,2017-01-21,21,Saturday,N,Y,3,1,January,1,Q1,2017,2017-01,0,
20170122,2017-01-22,22,Sunday,N,Y,3,1,January,1,Q1,2017,2017-01,0,
20170123,2017-01-23,23,Monday,Y,N,4,1,January,1,Q1,2017,2017-01,0,
20170124,2017-01-24,24,Tuesday,Y,N,4,1,January,1,Q1,2017,2017-01,0,
20170125,2017-01-25,25,Wednesday,Y,N,4,1,January,1,Q1,2017,2017-01,0,
20170126,2017-01-26,26,Thursday,Y,N,4,1,January,1,Q1,2017,2017-01,0,
20170127,2017-01-27,27,Friday,Y,N,4,1,January,1,Q1,2017,2017-01,0,
20170128,2017-01-28,28,Saturday,N,Y,4,1,January,1,Q1,2017,2017-01,0,
20170129,2017-01-29,29,Sunday,N,Y,4,1,January,1,Q1,2017,2017-01,0,
20170130,2017-01-30,30,Monday,Y,N,5,1,January,1,Q1,2017,2017-01,0,
20170131,2017-01-31,31,Tuesday,Y,N,5,1,January,1,Q1,2017,2017-01,0,
20170201,2017-02-01,1,Wednesday,Y,N,5,2,February,1,Q1,2017,2017-02,0,
20170202,2017-02-02,2,Thursday,Y,N,5,2,February,1,Q1,2017,2017-02,0,
20170203,2017-02-03,3,Friday,Y,N,5,2,February,1,Q1,2017,2017-02,0,
20170204,2017-02-04,4,Saturday,N,Y,5,2,February,1,Q1,2017,2017-02,0,
20170205,2017-02-05,5,Sunday,N,Y,5,2,February,1,Q1,2017,2017-02,0,
20170206,2017-02-06,6,Monday,Y,N,6,2,February,1,Q1,2017,2017-02,0,
20170207,2017-02-07,7,Tuesday,Y,N,6,2,February,1,Q1,2017,2017-02,0,
20170208,2017-02-08,8,Wednesday,Y,N,6,2,February,1,Q1,2017,2017-02,0,
20170209,2017-02-09,9,Thursday,Y,N,6,2,February,1,Q1,2017,2017-02,0,
20170210,2017-02-10,10,Friday,Y,N,6,2,February,1,Q1,2017,2017-02,0,
20170211,2017-02-11,11,Saturday,N,Y,6,2,February,1,Q1,2017,2017-02,0,
20170212,2017-02-12,12,Sunday,N,Y,6,2,February,1,Q1,2017,2017-02,0,
20170213,2017-02-13,13,Monday,Y,N,7,2,February,1,Q1,2017,2017-02,0,
20170214,2017-02-14,14,Tuesday,Y,N,7,2,February,1,Q1,2017,2017-02,0,
20170215,2017-02-15,15,Wednesday,Y,N,7,2,February,1,Q1,2017,2017-02,0,
20170216,2017-02-16,16,Thursday,Y,N,7,2,February,1,Q1,2017,2017-02,0,
20170217,2017-02-17,17,Friday,Y,N,7,2,February,1,Q1,2017,2017-02,0,
20170218,2017-02-18,18,Saturday,N,Y,7,2,February,1,Q1,2017,2017-02,0,
20170219,2017-02-19,19,Sunday,N,Y,7,2,February,1,Q1,2017,2017-02,0,
20170220,2017-02-20,20,Monday,Y,N,8,2,February,1,Q1,2017,2017-02,0,
20170221,2017-02-21,21,Tuesday,Y,N,8,2,February,1,Q1,2017,2017-02,0,
20170222,2017-02-22,22,Wednesday,Y,N,8,2,February,1,Q1,2017,2017-02,0,
20170223,2017-02-23,23,Thursday,Y,N,8,2,February,1,Q1,2017,2017-02,0,
20170224,2017-02-24,24,Friday,Y,N,8,2,February,1,Q1,2017,2017-02,0,
20170225,2017-02-25,25,Saturday,N,Y,8,2,February,1,Q1,2017,2017-02,0,
20170226,2017-02-26,26,Sunday,N,Y,8,2,February,1,Q1,2017,2017-02,0,
20170227,2017-02-27,27,Monday,Y,N,9,2,February,1,Q1,2017,2017-02,1,Carnival
20170228,2017-02-28,28,Tuesday,Y,N,9,2,February,1,Q1,2017,2017-02,1,Carnival
20170301,2017-03-01,1,Wednesday,Y,N,9,3,March,1,Q1,2017,2017-03,0,
20170302,2017-03-02,2,Thursday,Y,N,9,3,March,1,Q1,2017,2017-03,0,
20170303,2017-03-03,3,Friday,Y,N,9,3,March,1,Q1,2017,2017-03,0,
20170304,2017-03-04,4,Saturday,N,Y,9,3,March,1,Q1,2017,2017-03,0,
20170305,2017-03-05,5,Sunday,N,Y,9,3,March,1,Q1,2017,2017-03,0,
20170306,2017-03-06,6,Monday,Y,N,10,3,March,1,Q1,2017,2017-03,0,
20170307,2017-03-07,7,Tuesday,Y,N,10,3,March,1,Q1,2017,2017-03,0,
20170308,2017-03-08,8,Wednesday,Y,N,10,3,March,1,Q1,2017,2017-03,0,
20170309,2017-03-09,9,Thursday,Y,N,10,3,March,1,Q1,2017,2017-03,0,
20170310,2017-03-10,10,Friday,Y,N,10,3,March,1,Q1,2017,2017-03,0,
20170311,2017-03-11,11,Saturday,N,Y,10,3,March,1,Q1,2017,2017-03,0,
20170312,2017-03-12,12,Sunday,N,Y,10,3,March,1,Q1,2017,2017-03,0,
20170313,2017-03-13,13,Monday,Y,N,11,3,March,1,Q1,2017,2017-03,0,
20170314,2017-03-14,14,Tuesday,Y,N,11,3,March,1,Q1,2017,2017-03,0,
20170315,2017-03-15,15,Wednesday,Y,N,11,3,March,1,Q1,2017,2017-03,0,
20170316,2017-03-16,16,Thursday,Y,N,11,3,March,1,Q1,2017,2017-03,0,
20170317,2017-03-17,17,Friday,Y,N,11,3,March,1,Q1,2017,2017-03,0,
20170318,2017-03-18,18,Saturday,N,Y,11,3,March,1,Q1,2017,2017-03,0,
20170319,2017-03-19,19,Sunday,N,Y,11,3,March,1,Q1,2017,2017-03,0,
20170320,2017-03-20,20,Monday,Y,N,12,3,March,1,Q1,2017,2017-03,0,
20170321,2017-03-21,21,Tuesday,Y,N,12,3,March,1,Q1,2017,2017-03,0,
20170322,2017-03-22,22,Wednesday,Y,N,12,3,March,1,Q1,2017,2017-03,0,
20170323,2017-03-23,23,Thursday,Y,N,12,3,March,1,Q1,2017,2017-03,0,
20170324,2017-03-24,24,Friday,Y,N,12,3,March,1,Q1,2017,2017-03,0,
20170325,2017-03-25,25,Saturday,N,Y,12,3,March,1,Q1,2017,2017-03,0,
20170326,2017-03-26,26,Sunday,N,Y,12,3,March,1,Q1,2017,2017-03,0,
20170327,2017-03-27,27,Monday,Y,N,13,3,March,1,Q1,2017,2017-03,0,
20170328,2017-03-28,28,Tuesday,Y,N,13,3,March,1,Q1,2017,2017-03,0,
20170329,2017-03-29,29,Wednesday,Y,N,13,3,March,1,Q1,2017,2017-03,0,
20170330,2017-03-30,30,Thursday,Y,N,13,3,March,1,Q1,2017,2017-03,0,
20170331,2017-03-31,31,Friday,Y,N,13,3,March,1,Q1,2017,2017-03,0,
20170401,2017-04-01,1,Saturday,N,Y,13,4,April,2,Q2,2017,2017-04,0,
20170402,2017-04-02,2,Sunday,N,Y,13,4,April,2,Q2,2017,2017-04,0,
20170403,2017-04-03,3,Monday,Y,N,14,4,April,2,Q2,2017,2017-04,0,
20170404,2017-04-04,4,Tuesday,Y,N,14,4,April,2,Q2,2017,2017-04,0,
20170405,2017-04-05,5,Wednesday,Y,N,14,4,April,2,Q2,2017,2017-04,0,
20170406,2017-04-06,6,Thursday,Y,N,14,4,April,2,Q2,2017,2017-04,0,
20170407,2017-04-07,7,Friday,Y,N,14,4,April,2,Q2,2017,2017-04,0,
20170408,2017-04-08,8,Saturday,N,Y,14,4,April,2,Q2,2017,2017-04,0,
20170409,2017-04-09,9,Sunday,N,Y,14,4,April,2,Q2,2017,2017-04,0,
20170410,2017-04-10,10,Monday,Y,N,15,4,April,2,Q2,2017,2017-04,0,
20170411,2017-04-11,11,Tuesday,Y,N,15,4,April,2,Q2,2017,2017-04,0,
20170412,2017-04-12,12,Wednesday,Y,N,15,4,April,2,Q2,2017,2017-04,0,
20170413,2017-04-13,13,Thursday,Y,N,15,4,April,2,Q2,2017,2017-04,0,
20170414,2017-04-14,14,Friday,Y,N,15,4,April,2,Q2,2017,2017-04,1,Good Friday
20170415,2017-04-15,15,Saturday,N,Y,15,4,April,2,Q2,2017,2017-04,0,
20170416,2017-04-16,16,Sunday,N,Y,15,4,April,2,Q2,2017,2017-04,1,Easter Sunday
20170417,2017-04-17,17,Monday,Y,N,16,4,April,2,Q2,2017,2017-04,0,
20170418,2017-04-18,18,Tuesday,Y,N,16,4,April,2,Q2,2017,2017-04,0,
20170419,2017-04-19,19,Wednesday,Y,N,16,4,April,2,Q2,2017,2017-04,0,
20170420,2017-04-20,20,Thursday,Y,N,16,4,April,2,Q2,2017,2017-04,0,
20170421,2017-04-21,21,Friday,Y,N,16,4,April,2,Q2,2017,2017-04,1,Tiradentes
20170422,2017-04-22,22,Saturday,N,Y,16,4,April,2,Q2,2017,2017-04,0,
20170423,2017-04-23,23,Sunday,N,Y,16,4,April,2,Q2,2017,2017-04,0,
20170424,2017-04-24,24,Monday,Y,N,17,4,April,2,Q2,2017,2017-04,0,
20170425,2017-04-25,25,Tuesday,Y,N,17,4,April,2,Q2,2017,2017-04,0,
20170426,2017-04-26,26,Wednesday,Y,N,17,4,April,2,Q2,2017,2017-04,0,
20170427,2017-04-27,27,Thursday,Y,N,17,4,April,2,Q2,2017,2017-04,0,
20170428,2017-04-28,28,Friday,Y,N,17,4,April,2,Q2,2017,2017-04,0,
20170429,2017-04-29,29,Saturday,N,Y,17,4,April,2,Q2,2017,2017-04,0,
20170430,2017-04-30,30,Sunday,N,Y,17,4,April,2,Q2,2017,2017-04,0,
20170501,2017-05-01,1,Monday,Y,N,18,5,May,2,Q2,2017,2017-05,1,Labour Day
20170502,2017-05-02,2,Tuesday,Y,N,18,5,May,2,Q2,2017,2017-05,0,
20170503,2017-05-03,3,Wednesday,Y,N,18,5,May,2,Q2,2017,2017-05,0,
20170504,2017-05-04,4,Thursday,Y,N,18,5,May,2,Q2,2017,2017-05,0,
20170505,2017-05-05,5,Friday,Y,N,18,5,May,2,Q2,2017,2017-05,0,
20170506,2017-05-06,6,Saturday,N,Y,18,5,May,2,Q2,2017,2017-05,0,
20170507,2017-05-07,7,Sunday,N,Y,18,5,May,2,Q2,2017,2017-05,0,
20170508,2017-05-08,8,Monday,Y,N,19,5,May,2,Q2,2017,2017-05,0,
20170509,2017-05-09,9,Tuesday,Y,N,19,5,May,2,Q2,2017,2017-05,0,
20170510,2017-05-10,10,Wednesday,Y,N,19,5,May,2,Q2,2017,2017-05,0,
20170511,2017-05-11,11,Thursday,Y,N,19,5,May,2,Q2,2017,2017-05,0,
20170512,2017-05-12,12,Friday,Y,N,19,5,May,2,Q2,2017,2017-05,0,
20170513,2017-05-13,13,Saturday,N,Y,19,5,May,2,Q2,2017,2017-05,0,
20170514,2017-05-14,14,Sunday,N,Y,19,5,May,2,Q2,2017,2017-05,0,
20170515,2017-05-15,15,Monday,Y,N,20,5,May,2,Q2,2017,2017-05,0,
20170516,2017-05-16,16,Tuesday,Y,N,20,5,May,2,Q2,2017,2017-05,0,
20170517,2017-05-17,17,Wednesday,Y,N,20,5,May,2,Q2,2017,2017-05,0,
20170518,2017-05-18,18,Thursday,Y,N,20,5,May,2,Q2,2017,2017-05,0,
20170519,2017-05-19,19,Friday,Y,N,20,5,May,2,Q2,2017,2017-05,0,
20170520,2017-05-20,20,Saturday,N,Y,20,5,May,2,Q2,2017,2017-05,0,
20170521,2017-05-21,21,Sunday,N,Y,20,5,May,2,Q2,2017,2017-05,0,
20170522,2017-05-22,22,Monday,Y,N,21,5,May,2,Q2,2017,2017-05,0,
20170523,2017-05-23,23,Tuesday,Y,N,21,5,May,2,Q2,2017,2017-05,0,
20170524,2017-05-24,24,Wednesday,Y,N,21,5,May,2,Q2,2017,2017-05,0,
20170525,2017-05-25,25,Thursday,Y,N,21,5,May,2,Q2,2017,2017-05,0,
20170526,2017-05-26,26,Friday,Y,N,21,5,May,2,Q2,2017,2017-05,0,
20170527,2017-05-27,27,Saturday,N,Y,21,5,May,2,Q2,2017,2017-05,0,
20170528,2017-05-28,28,Sunday,N,Y,21,5,May,2,Q2,2017,2017-05,0,
20170529,2017-05-29,29,Monday,Y,N,22,5,May,2,Q2,2017,2017-05,0,
20170530,2017-05-30,30,Tuesday,Y,N,22,5,May,2,Q2,2017,2017-05,0,
20170531,2017-05-31,31,Wednesday,Y,N,22,5,May,2,Q2,2017,2017-05,0,
20170601,2017-06-01,1,Thursday,Y,N,22,6,June,2,Q2,2017,2017-06,0,
20170602,2017-06-02,2,Friday,Y,N,22,6,June,2,Q2,2017,2017-06,0,
20170603,2017-06-03,3,Saturday,N,Y,22,6,June,2,Q2,2017,2017-06,0,
20170604,2017-06-04,4,Sunday,N,Y,22,6,June,2,Q2,2017,2017-06,0,
20170605,2017-06-05,5,Monday,Y,N,23,6,June,2,Q2,2017,2017-06,0,
20170606,2017-06-06,6,Tuesday,Y,N,23,6,June,2,Q2,2017,2017-06,0,
20170607,2017-06-07,7,Wednesday,Y,N,23,6,June,2,Q2,2017,2017-06,0,
20170608,2017-06-08,8,Thursday,Y,N,23,6,June,2,Q2,2017,2017-06,0,
20170609,2017-06-09,9,Friday,Y,N,23,6,June,2,Q2,2017,2017-06,0,
20170610,2017-06-10,10,Saturday,N,Y,23,6,June,2,Q2,2017,2017-06,0,
20170611,2017-06-11,11,Sunday,N,Y,23,6,June,2,Q2,2017,2017-06,0,
20170612,2017-06-12,12,Monday,Y,N,24,6,June,2,Q2,2017,2017-06,0,
20170613,2017-06-13,13,Tuesday,Y,N,24,6,June,2,Q2,2017,2017-06,0,
20170614,2017-06-14,14,Wednesday,Y,N,24,6,June,2,Q2,2017,2017-06,0,
20170615,2017-06-15,15,Thursday,Y,N,24,6,June,2,Q2,2017,2017-06,1,Corpus Christi
20170616,2017-06-16,16,Friday,Y,N,24,6,June,2,Q2,2017,2017-06,0,
20170617,2017-06-17,17,Saturday,N,Y,24,6,June,2,Q2,2017,2017-06,0,
20170618,2017-06-18,18,Sunday,N,Y,24,6,June,2,Q2,2017,2017-06,0,
20170619,2017-06-19,19,Monday,Y,N,25,6,June,2,Q2,2017,2017-06,0,
20170620,2017-06-20,20,Tuesday,Y,N,25,6,June,2,Q2,2017,2017-06,0,
20170621,2017-06-21,21,Wednesday,Y,N,25,6,June,2,Q2,2017,2017-06,0,
20170622,2017-06-22,22,Thursday,Y,N,25,6,June,2,Q2,2017,2017-06,0,
20170623,2017-06-23,23,Friday,Y,N,25,6,June,2,Q2,2017,2017-06,0,
20170624,2017-06-24,24,Saturday,N,Y,25,6,June,2,Q2,2017,2017-06,0,
20170625,2017-06-25,25,Sunday,N,Y,25,6,June,2,Q2,2017,2017-06,0,
20170626,2017-06-26,26,Monday,Y,N,26,6,June,2,Q2,2017,2017-06,0,
20170627,2017-06-27,27,Tuesday,Y,N,26,6,June,2,Q2,2017,2017-06,0,
20170628,2017-06-28,28,Wednesday,Y,N,26,6,June,2,Q2,2017,2017-06,0,
20170629,2017-06-29,29,Thursday,Y,N,26,6,June,2,Q2,2017,2017-06,0,
20170630,2017-06-30,30,Friday,Y,N,26,6,June,2,Q2,2017,2017-06,0,
20170701,2017-07-01,1,Saturday,N,Y,26,7,July,3,Q3,2017,2017-07,0,
20170702,2017-07-02,2,Sunday,N,Y,26,7,July,3,Q3,2017,2017-07,0,
20170703,2017-07-03,3,Monday,Y,N,27,7,July,3,Q3,2017,2017-07,0,
20170704,2017-07-04,4,Tuesday,Y,N,27,7,July,3,Q3,2017,2017-07,0,
20170705,2017-07-05,5,Wednesday,Y,N,27,7,July,3,Q3,2017,2017-07,0,
20170706,2017-07-06,6,Thursday,Y,N,27,7,July,3,Q3,2017,2017-07,0,
20170707,2017-07-07,7,Friday,Y,N,27,7,July,3,Q3,2017,2017-07,0,
20170708,2017-07-08,8,Saturday,N,Y,27,7,July,3,Q3,2017,2017-07,0,
20170709,2017-07-09,9,Sunday,N,Y,27,7,July,3,Q3,2017,2017-07,1,Constitutionalist Revolution of 1932
20170710,2017-07-10,10,Monday,Y,N,28,7,July,3,Q3,2017,2017-07,0,
20170711,2017-07-11,11,Tuesday,Y,N,28,7,July,3,Q3,2017,2017-07,0,
20170712,2017-07-12,12,Wednesday,Y,N,28,7,July,3,Q3,2017,2017-07,0,
20170713,2017-07-13,13,Thursday,Y,N,28,7,July,3,Q3,2017,2017-07,0,
20170714,2017-07-14,14,Friday,Y,N,28,7,July,3,Q3,2017,2017-07,0,
20170715,2017-07-15,15,Saturday,N,Y,28,7,July,3,Q3,2017,2017-07,0,
20170716,2017-07-16,16,Sunday,N,Y,28,7,July,3,Q3,2017,2017-07,0,
20170717,2017-07-17,17,Monday,Y,N,29,7,July,3,Q3,2017,2017-07,0,
20170718,2017-07-18,18,Tuesday,Y,N,29,7,July,3,Q3,2017,2017-07,0,
20170719,2017-07-19,19,Wednesday,Y,N,29,7,July,3,Q3,2017,2017-07,0,
20170720,2017-07-20,20,Thursday,Y,N,29,7,July,3,Q3,2017,2017-07,0,
20170721,2017-07-21,21,Friday,Y,N,29,7,July,3,Q3,2017,2017-07,0,
20170722,2017-07-22,22,Saturday,N,Y,29,7,July,3,Q3,2017,2017-07,0,
20170723,2017-07-23,23,Sunday,N,Y,29,7,July,3,Q3,2017,2017-07,0,
20170724,2017-07-24,24,Monday,Y,N,30,7,July,3,Q3,2017,2017-07,0,
20170725,2017-07-25,25,Tuesday,Y,N,30,7,July,3,Q3,2017,2017-07,0,
20170726,2017-07-26,26,Wednesday,Y,N,30,7,July,3,Q3,2017,2017-07,0,
20170727,2017-07-27,27,Thursday,Y,N,30,7,July,3,Q3,2017,2017-07,0,
20170728,2017-07-28,28,Friday,Y,N,30,7,July,3,Q3,2017,2017-07,0,
20170729,2017-07-29,29,Saturday,N,Y,30,7,July,3,Q3,2017,2017-07,0,
20170730,2017-07-30,30,Sunday,N,Y,30,7,July,3,Q3,2017,2017-07,0,
20170731,2017-07-31,31,Monday,Y,N,31,7,July,3,Q3,2017,2017-07,0,
20170801,2017-08-01,1,Tuesday,Y,N,31,8,August,3,Q3,2017,2017-08,0,
20170802,2017-08-02,2,Wednesday,Y,N,31,8,August,3,Q3,2017,2017-08,0,
20170803,2017-08-03,3,Thursday,Y,N,31,8,August,3,Q3,2017,2017-08,0,
20170804,2017-08-04,4,Friday,Y,N,31,8,August,3,Q3,2017,2017-08,0,
20170805,2017-08-05,5,Saturday,N,Y,31,8,August,3,Q3,2017,2017-08,0,
20170806,2017-08-06,6,Sunday,N,Y,31,8,August,3,Q3,2017,2017-08,0,
20170807,2017-08-07,7,Monday,Y,N,32,8,August,3,Q3,2017,2017-08,0,
20170808,2017-08-08,8,Tuesday,Y,N,32,8,August,3,Q3,2017,2017-08,0,
20170809,2017-08-09,9,Wednesday,Y,N,32,8,August,3,Q3,2017,2017-08,0,
20170810,2017-08-10,10,Thursday,Y,N,32,8,August,3,Q3,2017,2017-08,0,
20170811,2017-08-11,11,Friday,Y,N,32,8,August,3,Q3,2017,2017-08,0,
20170812,2017-08-12,12,Saturday,N,Y,32,8,August,3,Q3,2017,2017-08,0,
20170813,2017-08-13,13,Sunday,N,Y,32,8,August,3,Q3,2017,2017-08,0,
20170814,2017-08-14,14,Monday,Y,N,33,8,August,3,Q3,2017,2017-08,0,
20170815,2017-08-15,15,Tuesday,Y,N,33,8,August,3,Q3,2017,2017-08,0,
20170816,2017-08-16,16,Wednesday,Y,N,33,8,August,3,Q3,2017,2017-08,0,
20170817,2017-08-17,17,Thursday,Y,N,33,8,August,3,Q3,2017,2017-08,0,
20170818,2017-08-18,18,Friday,Y,N,33,8,August,3,Q3,2017,2017-08,0,
20170819,2017-08-19,19,Saturday,N,Y,33,8,August,3,Q3,2017,2017-08,0,
20170820,2017-08-20,20,Sunday,N,Y,33,8,August,3,Q3,2017,2017-08,0,
20170821,2017-08-21,21,Monday,Y,N,34,8,August,3,Q3,2017,2017-08,0,
20170822,2017-08-22,22,Tuesday,Y,N,34,8,August,3,Q3,2017,2017-08,0,
20170823,2017-08-23,23,Wednesday,Y,N,34,8,August,3,Q3,2017,2017-08,0,
20170824,2017-08-24,24,Thursday,Y,N,34,8,August,3,Q3,2017,2017-08,0,
20170825,2017-08-25,25,Friday,Y,N,34,8,August,3,Q3,2017,2017-08,0,
20170826,2017-08-26,26,Saturday,N,Y,34,8,August,3,Q3,2017,2017-08,0,
20170827,2017-08-27,27,Sunday,N,Y,34,8,August,3,Q3,2017,2017-08,0,
20170828,2017-08-28,28,Monday,Y,N,35,8,August,3,Q3,2017,2017-08,0,
20170829,2017-08-29,29,Tuesday,Y,N,35,8,August,3,Q3,2017,2017-08,0,
20170830,2017-08-30,30,Wednesday,Y,N,35,8,August,3,Q3,2017,2017-08,0,
20170831,2017-08-31,31,Thursday,Y,N,35,8,August,3,Q3,2017,2017-08,0,
20170901,2017-09-01,1,Friday,Y,N,35,9,September,3,Q3,2017,2017-09,0,
20170902,2017-09-02,2,Saturday,N,Y,35,9,September,3,Q3,2017,2017-09,0,
20170903,2017-09-03,3,Sunday,N,Y,35,9,September,3,Q3,2017,2017-09,0,
20170904,2017-09-04,4,Monday,Y,N,36,9,September,3,Q3,2017,2017-09,0,
20170905,2017-09-05,5,Tuesday,Y,N,36,9,September,3,Q3,2017,2017-09,0,
20170906,2017-09-06,6,Wednesday,Y,N,36,9,September,3,Q3,2017,2017-09,0,
20170907,2017-09-07,7,Thursday,Y,N,36,9,September,3,Q3,2017,2017-09,1,Independence Day
20170908,2017-09-08,8,Friday,Y,N,36,9,September,3,Q3,2017,2017-09,0,
20170909,2017-09-09,9,Saturday,N,Y,36,9,September,3,Q3,2017,2017-09,0,
20170910,2017-09-10,10,Sunday,N,Y,36,9,September,3,Q3,2017,2017-09,0,
20170911,2017-09-11,11,Monday,Y,N,37,9,September,3,Q3,2017,2017-09,0,
20170912,2017-09-12,12,Tuesday,Y,N,37,9,September,3,Q3,2017,2017-09,0,
20170913,2017-09-13,13,Wednesday,Y,N,37,9,September,3,Q3,2017,2017-09,0,
20170914,2017-09-14,14,Thursday,Y,N,37,9,September,3,Q3,2017,2017-09,0,
20170915,2017-09-15,15,Friday,Y,N,37,9,September,3,Q3,2017,2017-09,0,
20170916,2017-09-16,16,Saturday,N,Y,37,9,September,3,Q3,2017,2017-09,0,
20170917,2017-09-17,17,Sunday,N,Y,37,9,September,3,Q3,2017,2017-09,0,
20170918,2017-09-18,18,Monday,Y,N,38,9,September,3,Q3,2017,2017-09,0,
20170919,2017-09-19,19,Tuesday,Y,N,38,9,September,3,Q3,2017,2017-09,0,
20170920,2017-09-20,20,Wednesday,Y,N,38,9,September,3,Q3,2017,2017-09,0,
20170921,2017-09-21,21,Thursday,Y,N,38,9,September,3,Q3,2017,2017-09,0,
20170922,2017-09-22,22,Friday,Y,N,38,9,September,3,Q3,2017,2017-09,0,
20170923,2017-09-23,23,Saturday,N,Y,38,9,September,3,Q3,2017,2017-09,0,
20170924,2017-09-24,24,Sunday,N,Y,38,9,September,3,Q3,2017,2017-09,0,
20170925,2017-09-25,25,Monday,Y,N,39,9,September,3,Q3,2017,2017-09,0,
20170926,2017-09-26,26,Tuesday,Y,N,39,9,September,3,Q3,2017,2017-09,0,
20170927,2017-09-27,27,Wednesday,Y,N,39,9,September,3,Q3,2017,2017-09,0,
20170928,2017-09-28,28,Thursday,Y,N,39,9,September,3,Q3,2017,2017-09,0,
20170929,2017-09-29,29,Friday,Y,N,39,9,September,3,Q3,2017,2017-09,0,
20170930,2017-09-30,30,Saturday,N,Y,39,9,September,3,Q3,2017,2017-09,0,
20171001,2017-10-01,1,Sunday,N,Y,39,10,October,4,Q4,2017,2017-10,0,
20171002,2017-10-02,2,Monday,Y,N,40,10,October,4,Q4,2017,2017-10,0,
20171003,2017-10-03,3,Tuesday,Y,N,40,10,October,4,Q4,2017,2017-10,0,
20171004,2017-10-04,4,Wednesday,Y,N,40,10,October,4,Q4,2017,2017-10,0,
20171005,2017-10-05,5,Thursday,Y,N,40,10,October,4,Q4,2017,2017-10,0,
20171006,2017-10-06,6,Friday,Y,N,40,10,October,4,Q4,2017,2017-10,0,
20171007,2017-10-07,7,Saturday,N,Y,40,10,October,4,Q4,2017,2017-10,0,
20171008,2017-10-08,8,Sunday,N,Y,40,10,October,4,Q4,2017,2017-10,0,
20171009,2017-10-09,9,Monday,Y,N,41,10,October,4,Q4,2017,2017-10,0,
20171010,2017-10-10,10,Tuesday,Y,N,41,10,October,4,Q4,2017,2017-10,0,
20171011,2017-10-11,11,Wednesday,Y,N,41,10,October,4,Q4,2017,2017-10,0,
20171012,2017-10-12,12,Thursday,Y,N,41,10,October,4,Q4,2017,2017-10,1,Our Lady of Aparecida
20171013,2017-10-13,13,Friday,Y,N,41,10,October,4,Q4,2017,2017-10,0,
20171014,2017-10-14,14,Saturday,N,Y,41,10,October,4,Q4,2017,2017-10,0,
20171015,2017-10-15,15,Sunday,N,Y,41,10,October,4,Q4,2017,2017-10,0,
20171016,2017-10-16,16,Monday,Y,N,42,10,October,4,Q4,2017,2017-10,0,
20171017,2017-10-17,17,Tuesday,Y,N,42,10,October,4,Q4,2017,2017-10,0,
20171018,2017-10-18,18,Wednesday,Y,N,42,10,October,4,Q4,2017,2017-10,0,
20171019,2017-10-19,19,Thursday,Y,N,42,10,October,4,Q4,2017,2017-10,0,
20171020,2017-10-20,20,Friday,Y,N,42,10,October,4,Q4,2017,2017-10,0,
20171021,2017-10-21,21,Saturday,N,Y,42,10,October,4,Q4,2017,2017-10,0,
20171022,2017-10-22,22,Sunday,N,Y,42,10,October,4,Q4,2017,2017-10,0,
20171023,2017-10-23,23,Monday,Y,N,43,10,October,4,Q4,2017,2017-10,0,
20171024,2017-10-24,24,Tuesday,Y,N,43,10,October,4,Q4,2017,2017-10,0,
20171025,2017-10-25,25,Wednesday,Y,N,43,10,October,4,Q4,2017,2017-10,0,
20171026,2017-10-26,26,Thursday,Y,N,43,10,October,4,Q4,2017,2017-10,0,
20171027,2017-10-27,27,Friday,Y,N,43,10,October,4,Q4,2017,2017-10,0,
20171028,2017-10-28,28,Saturday,N,Y,43,10,October,4,Q4,2017,2017-10,0,
20171029,2017-10-29,29,Sunday,N,Y,43,10,October,4,Q4,2017,2017-10,0,
20171030,2017-10-30,30,Monday,Y,N,44,10,October,4,Q4,2017,2017-10,0,
20171031,2017-10-31,31,Tuesday,Y,N,44,10,October,4,Q4,2017,2017-10,0,
20171101,2017-11-01,1,Wednesday,Y,N,44,11,November,4,Q4,2017,2017-11,0,
20171102,2017-11-02,2,Thursday,Y,N,44,11,November,4,Q4,2017,2017-11,1,All Souls' Day
20171103,2017-11-03,3,Friday,Y,N,44,11,November,4,Q4,2017,2017-11,0,
20171104,2017-11-04,4,Saturday,N,Y,44,11,November,4,Q4,2017,2017-11,0,
20171105,2017-11-05,5,Sunday,N,Y,44,11,November,4,Q4,2017,2017-11,0,
20171106,2017-11-06,6,Monday,Y,N,45,11,November,4,Q4,2017,2017-11,0,
20171107,2017-11-07,7,Tuesday,Y,N,45,11,November,4,Q4,2017,2017-11,0,
20171108,2017-11-08,8,Wednesday,Y,N,45,11,November,4,Q4,2017,2017-11,0,
20171109,2017-11-09,9,Thursday,Y,N,45,11,November,4,Q4,2017,2017-11,0,
20171110,2017-11-10,10,Friday,Y,N,45,11,November,4,Q4,2017,2017-11,0,
20171111,2017-11-11,11,Saturday,N,Y,45,11,November,4,Q4,2017,2017-11,0,
20171112,2017-11-12,12,Sunday,N,Y,45,11,November,4,Q4,2017,2017-11,0,
20171113,2017-11-13,13,Monday,Y,N,46,11,November,4,Q4,2017,2017-11,0,
20171114,2017-11-14,14,Tuesday,Y,N,46,11,November,4,Q4,2017,2017-11,0,
20171115,2017-11-15,15,Wednesday,Y,N,46,11,November,4,Q4,2017,2017-11,1,Republic Proclamation Day
20171116,2017-11-16,16,Thursday,Y,N,46,11,November,4,Q4,2017,2017-11,0,
20171117,2017-11-17,17,Friday,Y,N,46,11,November,4,Q4,2017,2017-11,0,
20171118,2017-11-18,18,Saturday,N,Y,46,11,November,4,Q4,2017,2017-11,0,
20171119,2017-11-19,19,Sunday,N,Y,46,11,November,4,Q4,2017,2017-11,0,
20171120,2017-11-20,20,Monday,Y,N,47,11,November,4,Q4,2017,2017-11,0,
20171121,2017-11-21,21,Tuesday,Y,N,47,11,November,4,Q4,2017,2017-11,0,
20171122,2017-11-22,22,Wednesday,Y,N,47,11,November,4,Q4,2017,2017-11,0,
20171123,2017-11-23,23,Thursday,Y,N,47,11,November,4,Q4,2017,2017-11,0,
20171124,2017-11-24,24,Friday,Y,N,47,11,November,4,Q4,2017,2017-11,0,
20171125,2017-11-25,25,Saturday,N,Y,47,11,November,4,Q4,2017,2017-11,0,
20171126,2017-11-26,26,Sunday,N,Y,47,11,November,4,Q4,2017,2017-11,0,
20171127,2017-11-27,27,Monday,Y,N,48,11,November,4,Q4,2017,2017-11,0,
20171128,2017-11-28,28,Tuesday,Y,N,48,11,November,4,Q4,2017,2017-11,0,
20171129,2017-11-29,29,Wednesday,Y,N,48,11,November,4,Q4,2017,2017-11,0,
20171130,2017-11-30,30,Thursday,Y,N,48,11,November,4,Q4,2017,2017-11,0,
20171201,2017-12-01,1,Friday,Y,N,48,12,December,4,Q4,2017,2017-12,0,
20171202,2017-12-02,2,Saturday,N,Y,48,12,December,4,Q4,2017,2017-12,0,
20171203,2017-12-03,3,Sunday,N,Y,48,12,December,4,Q4,2017,2017-12,0,
20171204,2017-12-04,4,Monday,Y,N,49,12,December,4,Q4,2017,2017-12,0,
20171205,2017-12-05,5,Tuesday,Y,N,49,12,December,4,Q4,2017,2017-12,0,
20171206,2017-12-06,6,Wednesday,Y,N,49,12,December,4,Q4,2017,2017-12,0,
20171207,2017-12-07,7,Thursday,Y,N,49,12,December,4,Q4,2017,2017-12,0,
20171208,2017-12-08,8,Friday,Y,N,49,12,December,4,Q4,2017,2017-12,0,
20171209,2017-12-09,9,Saturday,N,Y,49,12,December,4,Q4,2017,2017-12,0,
20171210,2017-12-10,10,Sunday,N,Y,49,12,December,4,Q4,2017,2017-12,0,
20171211,2017-12-11,11,Monday,Y,N,50,12,December,4,Q4,2017,2017-12,0,
20171212,2017-12-12,12,Tuesday,Y,N,50,12,December,4,Q4,2017,2017-12,0,
20171213,2017-12-13,13,Wednesday,Y,N,50,12,December,4,Q4,2017,2017-12,0,
20171214,2017-12-14,14,Thursday,Y,N,50,12,December,4,Q4,2017,2017-12,0,
20171215,2017-12-15,15,Friday,Y,N,50,12,December,4,Q4,2017,2017-12,0,
20171216,2017-12-16,16,Saturday,N,Y,50,12,December,4,Q4,2017,2017-12,0,
20171217,2017-12-17,17,Sunday,N,Y,50,12,December,4,Q4,2017,2017-12,0,
20171218,2017-12-18,18,Monday,Y,N,51,12,December,4,Q4,2017,2017-12,0,
20171219,2017-12-19,19,Tuesday,Y,N,51,12,December,4,Q4,2017,2017-12,0,
20171220,2017-12-20,20,Wednesday,Y,N,51,12,December,4,Q4,2017,2017-12,0,
20171221,2017-12-21,21,Thursday,Y,N,51,12,December,4,Q4,2017,2017-12,0,
20171222,2017-12-22,22,Friday,Y,N,51,12,December,4,Q4,2017,2017-12,0,
20171223,2017-12-23,23,Saturday,N,Y,51,12,December,4,Q4,2017,2017-12,0,
20171224,2017-12-24,24,Sunday,N,Y,51,12,December,4,Q4,2017,2017-12,0,
20171225,2017-12-25,25,Monday,Y,N,52,12,December,4,Q4,2017,2017-12,1,Christmas Day
20171226,2017-12-26,26,Tuesday,Y,N,52,12,December,4,Q4,2017,2017-12,0,
20171227,2017-12-27,27,Wednesday,Y,N,52,12,December,4,Q4,2017,2017-12,0,
20171228,2017-12-28,28,Thursday,Y,N,52,12,December,4,Q4,2017,2017-12,0,
20171229,2017-12-29,29,Friday,Y,N,52,12,December,4,Q4,2017,2017-12,0,
20171230,2017-12-30,30,Saturday,N,Y,52,12,December,4,Q4,2017,2017-12,0,
20171231,2017-12-31,31,Sunday,N,Y,52,12,December,4,Q4,2017,2017-12,0,
20180101,2018-01-01,1,Monday,Y,N,1,1,January,1,Q1,2018,2018-01,1,New Year's Day
20180102,2018-01-02,2,Tuesday,Y,N,1,1,January,1,Q1,2018,2018-01,0,
20180103,2018-01-03,3,Wednesday,Y,N,1,1,January,1,Q1,2018,2018-01,0,
20180104,2018-01-04,4,Thursday,Y,N,1,1,January,1,Q1,2018,2018-01,0,
20180105,2018-01-05,5,Friday,Y,N,1,1,January,1,Q1,2018,2018-01,0,
20180106,2018-01-06,6,Saturday,N,Y,1,1,January,1,Q1,2018,2018-01,0,
20180107,2018-01-07,7,Sunday,N,Y,1,1,January,1,Q1,2018,2018-01,0,
20180108,2018-01-08,8,Monday,Y,N,2,1,January,1,Q1,2018,2018-01,0,
20180109,2018-01-09,9,Tuesday,Y,N,2,1,January,1,Q1,2018,2018-01,0,
20180110,2018-01-10,10,Wednesday,Y,N,2,1,January,1,Q1,2018,2018-01,0,
20180111,2018-01-11,11,Thursday,Y,N,2,1,January,1,Q1,2018,2018-01,0,
20180112,2018-01-12,12,Friday,Y,N,2,1,January,1,Q1,2018,2018-01,0,
20180113,2018-01-13,13,Saturday,N,Y,2,1,January,1,Q1,2018,2018-01,0,
20180114,2018-01-14,14,Sunday,N,Y,2,1,January,1,Q1,2018,2018-01,0,
20180115,2018-01-15,15,Monday,Y,N,3,1,January,1,Q1,2018,2018-01,0,
20180116,2018-01-16,16,Tuesday,Y,N,3,1,January,1,Q1,2018,2018-01,0,
20180117,2018-01-17,17,Wednesday,Y,N,3,1,January,1,Q1,2018,2018-01,0,
20180118,2018-01-18,18,Thursday,Y,N,3,1,January,1,Q1,2018,2018-01,0,
20180119,2018-01-19,19,Friday,Y,N,3,1,January,1,Q1,2018,2018-01,0,
20180120,2018-01-20,20,Saturday,N,Y,3,1,January,1,Q1,2018,2018-01,0,
20180121,2018-01-21,21,Sunday,N,Y,3,1,January,1,Q1,2018,2018-01,0,
20180122,2018-01-22,22,Monday,Y,N,4,1,January,1,Q1,2018,2018-01,0,
20180123,2018-01-23,23,Tuesday,Y,N,4,1,January,1,Q1,2018,2018-01,0,
20180124,2018-01-24,24,Wednesday,Y,N,4,1,January,1,Q1,2018,2018-01,0,
20180125,2018-01-25,25,Thursday,Y,N,4,1,January,1,Q1,2018,2018-01,0,
20180126,2018-01-26,26,Friday,Y,N,4,1,January,1,Q1,2018,2018-01,0,
20180127,2018-01-27,27,Saturday,N,Y,4,1,January,1,Q1,2018,2018-01,0,
20180128,2018-01-28,28,Sunday,N,Y,4,1,January,1,Q1,2018,2018-01,0,
20180129,2018-01-29,29,Monday,Y,N,5,1,January,1,Q1,2018,2018-01,0,
20180130,2018-01-30,30,Tuesday,Y,N,5,1,January,1,Q1,2018,2018-01,0,
20180131,2018-01-31,31,Wednesday,Y,N,5,1,January,1,Q1,2018,2018-01,0,
20180201,2018-02-01,1,Thursday,Y,N,5,2,February,1,Q1,2018,2018-02,0,
20180202,2018-02-02,2,Friday,Y,N,5,2,February,1,Q1,2018,2018-02,0,
20180203,2018-02-03,3,Saturday,N,Y,5,2,February,1,Q1,2018,2018-02,0,
20180204,2018-02-04,4,Sunday,N,Y,5,2,February,1,Q1,2018,2018-02,0,
20180205,2018-02-05,5,Monday,Y,N,6,2,February,1,Q1,2018,2018-02,0,
20180206,2018-02-06,6,Tuesday,Y,N,6,2,February,1,Q1,2018,2018-02,0,
20180207,2018-02-07,7,Wednesday,Y,N,6,2,February,1,Q1,2018,2018-02,0,
20180208,2018-02-08,8,Thursday,Y,N,6,2,February,1,Q1,2018,2018-02,0,
20180209,2018-02-09,9,Friday,Y,N,6,2,February,1,Q1,2018,2018-02,0,
20180210,2018-02-10,10,Saturday,N,Y,6,2,February,1,Q1,2018,2018-02,0,
20180211,2018-02-11,11,Sunday,N,Y,6,2,February,1,Q1,2018,2018-02,0,
20180212,2018-02-12,12,Monday,Y,N,7,2,February,1,Q1,2018,2018-02,1,Carnival
20180213,2018-02-13,13,Tuesday,Y,N,7,2,February,1,Q1,2018,2018-02,1,Carnival
20180214,2018-02-14,14,Wednesday,Y,N,7,2,February,1,Q1,2018,2018-02,0,
20180215,2018-02-15,15,Thursday,Y,N,7,2,February,1,Q1,2018,2018-02,0,
20180216,2018-02-16,16,Friday,Y,N,7,2,February,1,Q1,2018,2018-02,0,
20180217,2018-02-17,17,Saturday,N,Y,7,2,February,1,Q1,2018,2018-02,0,
20180218,2018-02-18,18,Sunday,N,Y,7,2,February,1,Q1,2018,2018-02,0,
20180219,2018-02-19,19,Monday,Y,N,8,2,February,1,Q1,2018,2018-02,0,
20180220,2018-02-20,20,Tuesday,Y,N,8,2,February,1,Q1,2018,2018-02,0,
20180221,2018-02-21,21,Wednesday,Y,N,8,2,February,1,Q1,2018,2018-02,0,
20180222,2018-02-22,22,Thursday,Y,N,8,2,February,1,Q1,2018,2018-02,0,
20180223,2018-02-23,23,Friday,Y,N,8,2,February,1,Q1,2018,2018-02,0,
20180224,2018-02-24,24,Saturday,N,Y,8,2,February,1,Q1,2018,2018-02,0,
20180225,2018-02-25,25,Sunday,N,Y,8,2,February,1,Q1,2018,2018-02,0,
20180226,2018-02-26,26,Monday,Y,N,9,2,February,1,Q1,2018,2018-02,0,
20180227,2018-02-27,27,Tuesday,Y,N,9,2,February,1,Q1,2018,2018-02,0,
20180228,2018-02-28,28,Wednesday,Y,N,9,2,February,1,Q1,2018,2018-02,0,
20180301,2018-03-01,1,Thursday,Y,N,9,3,March,1,Q1,2018,2018-03,0,
20180302,2018-03-02,2,Friday,Y,N,9,3,March,1,Q1,2018,2018-03,0,
20180303,2018-03-03,3,Saturday,N,Y,9,3,March,1,Q1,2018,2018-03,0,
20180304,2018-03-04,4,Sunday,N,Y,9,3,March,1,Q1,2018,2018-03,0,
20180305,2018-03-05,5,Monday,Y,N,10,3,March,1,Q1,2018,2018-03,0,
20180306,2018-03-06,6,Tuesday,Y,N,10,3,March,1,Q1,2018,2018-03,0,
20180307,2018-03-07,7,Wednesday,Y,N,10,3,March,1,Q1,2018,2018-03,0,
20180308,2018-03-08,8,Thursday,Y,N,10,3,March,1,Q1,2018,2018-03,0,
20180309,2018-03-09,9,Friday,Y,N,10,3,March,1,Q1,2018,2018-03,0,
20180310,2018-03-10,10,Saturday,N,Y,10,3,March,1,Q1,2018,2018-03,0,
20180311,2018-03-11,11,Sunday,N,Y,10,3,March,1,Q1,2018,2018-03,0,
20180312,2018-03-12,12,Monday,Y,N,11,3,March,1,Q1,2018,2018-03,0,
20180313,2018-03-13,13,Tuesday,Y,N,11,3,March,1,Q1,2018,2018-03,0,
20180314,2018-03-14,14,Wednesday,Y,N,11,3,March,1,Q1,2018,2018-03,0,
20180315,2018-03-15,15,Thursday,Y,N,11,3,March,1,Q1,2018,2018-03,0,
20180316,2018-03-16,16,Friday,Y,N,11,3,March,1,Q1,2018,2018-03,0,
20180317,2018-03-17,17,Saturday,N,Y,11,3,March,1,Q1,2018,2018-03,0,
20180318,2018-03-18,18,Sunday,N,Y,11,3,March,1,Q1,2018,2018-03,0,
20180319,2018-03-19,19,Monday,Y,N,12,3,March,1,Q1,2018,2018-03,0,
20180320,2018-03-20,20,Tuesday,Y,N,12,3,March,1,Q1,2018,2018-03,0,
20180321,2018-03-21,21,Wednesday,Y,N,12,3,March,1,Q1,2018,2018-03,0,
20180322,2018-03-22,22,Thursday,Y,N,12,3,March,1,Q1,2018,2018-03,0,
20180323,2018-03-23,23,Friday,Y,N,12,3,March,1,Q1,2018,2018-03,0,
20180324,2018-03-24,24,Saturday,N,Y,12,3,March,1,Q1,2018,2018-03,0,
20180325,2018-03-25,25,Sunday,N,Y,12,3,March,1,Q1,2018,2018-03,0,
20180326,2018-03-26,26,Monday,Y,N,13,3,March,1,Q1,2018,2018-03,0,
20180327,2018-03-27,27,Tuesday,Y,N,13,3,March,1,Q1,2018,2018-03,0,
20180328,2018-03-28,28,Wednesday,Y,N,13,3,March,1,Q1,2018,2018-03,0,
20180329,2018-03-29,29,Thursday,Y,N,13,3,March,1,Q1,2018,2018-03,0,
20180330,2018-03-30,30,Friday,Y,N,13,3,March,1,Q1,2018,2018-03,1,Good Friday
20180331,2018-03-31,31,Saturday,N,Y,13,3,March,1,Q1,2018,2018-03,0,
20180401,2018-04-01,1,Sunday,N,Y,13,4,April,2,Q2,2018,2018-04,1,Easter Sunday
20180402,2018-04-02,2,Monday,Y,N,14,4,April,2,Q2,2018,2018-04,0,
20180403,2018-04-03,3,Tuesday,Y,N,14,4,April,2,Q2,2018,2018-04,0,
20180404,2018-04-04,4,Wednesday,Y,N,14,4,April,2,Q2,2018,2018-04,0,
20180405,2018-04-05,5,Thursday,Y,N,14,4,April,2,Q2,2018,2018-04,0,
20180406,2018-04-06,6,Friday,Y,N,14,4,April,2,Q2,2018,2018-04,0,
20180407,2018-04-07,7,Saturday,N,Y,14,4,April,2,Q2,2018,2018-04,0,
20180408,2018-04-08,8,Sunday,N,Y,14,4,April,2,Q2,2018,2018-04,0,
20180409,2018-04-09,9,Monday,Y,N,15,4,April,2,Q2,2018,2018-04,0,
20180410,2018-04-10,10,Tuesday,Y,N,15,4,April,2,Q2,2018,2018-04,0,
20180411,2018-04-11,11,Wednesday,Y,N,15,4,April,2,Q2,2018,2018-04,0,
20180412,2018-04-12,12,Thursday,Y,N,15,4,April,2,Q2,2018,2018-04,0,
20180413,2018-04-13,13,Friday,Y,N,15,4,April,2,Q2,2018,2018-04,0,
20180414,2018-04-14,14,Saturday,N,Y,15,4,April,2,Q2,2018,2018-04,0,
20180415,2018-04-15,15,Sunday,N,Y,15,4,April,2,Q2,2018,2018-04,0,
20180416,2018-04-16,16,Monday,Y,N,16,4,April,2,Q2,2018,2018-04,0,
20180417,2018-04-17,17,Tuesday,Y,N,16,4,April,2,Q2,2018,2018-04,0,
20180418,2018-04-18,18,Wednesday,Y,N,16,4,April,2,Q2,2018,2018-04,0,
20180419,2018-04-19,19,Thursday,Y,N,16,4,April,2,Q2,2018,2018-04,0,
20180420,2018-04-20,20,Friday,Y,N,16,4,April,2,Q2,2018,2018-04,0,
20180421,2018-04-21,21,Saturday,N,Y,16,4,April,2,Q2,2018,2018-04,1,Tiradentes
20180422,2018-04-22,22,Sunday,N,Y,16,4,April,2,Q2,2018,2018-04,0,
20180423,2018-04-23,23,Monday,Y,N,17,4,April,2,Q2,2018,2018-04,0,
20180424,2018-04-24,24,Tuesday,Y,N,17,4,April,2,Q2,2018,2018-04,0,
20180425,2018-04-25,25,Wednesday,Y,N,17,4,April,2,Q2,2018,2018-04,0,
20180426,2018-04-26,26,Thursday,Y,N,17,4,April,2,Q2,2018,2018-04,0,
20180427,2018-04-27,27,Friday,Y,N,17,4,April,2,Q2,2018,2018-04,0,
20180428,2018-04-28,28,Saturday,N,Y,17,4,April,2,Q2,2018,2018-04,0,
20180429,2018-04-29,29,Sunday,N,Y,17,4,April,2,Q2,2018,2018-04,0,
20180430,2018-04-30,30,Monday,Y,N,18,4,April,2,Q2,2018,2018-04,0,
20180501,2018-05-01,1,Tuesday,Y,N,18,5,May,2,Q2,2018,2018-05,1,Labour Day
20180502,2018-05-02,2,Wednesday,Y,N,18,5,May,2,Q2,2018,2018-05,0,
20180503,2018-05-03,3,Thursday,Y,N,18,5,May,2,Q2,2018,2018-05,0,
20180504,2018-05-04,4,Friday,Y,N,18,5,May,2,Q2,2018,2018-05,0,
20180505,2018-05-05,5,Saturday,N,Y,18,5,May,2,Q2,2018,2018-05,0,
20180506,2018-05-06,6,Sunday,N,Y,18,5,May,2,Q2,2018,2018-05,0,
20180507,2018-05-07,7,Monday,Y,N,19,5,May,2,Q2,2018,2018-05,0,
20180508,2018-05-08,8,Tuesday,Y,N,19,5,May,2,Q2,2018,2018-05,0,
20180509,2018-05-09,9,Wednesday,Y,N,19,5,May,2,Q2,2018,2018-05,0,
20180510,2018-05-10,10,Thursday,Y,N,19,5,May,2,Q2,2018,2018-05,0,
20180511,2018-05-11,11,Friday,Y,N,19,5,May,2,Q2,2018,2018-05,0,
20180512,2018-05-12,12,Saturday,N,Y,19,5,May,2,Q2,2018,2018-05,0,
20180513,2018-05-13,13,Sunday,N,Y,19,5,May,2,Q2,2018,2018-05,0,
20180514,2018-05-14,14,Monday,Y,N,20,5,May,2,Q2,2018,2018-05,0,
20180515,2018-05-15,15,Tuesday,Y,N,20,5,May,2,Q2,2018,2018-05,0,
20180516,2018-05-16,16,Wednesday,Y,N,20,5,May,2,Q2,2018,2018-05,0,
20180517,2018-05-17,17,Thursday,Y,N,20,5,May,2,Q2,2018,2018-05,0,
20180518,2018-05-18,18,Friday,Y,N,20,5,May,2,Q2,2018,2018-05,0,
20180519,2018-05-19,19,Saturday,N,Y,20,5,May,2,Q2,2018,2018-05,0,
20180520,2018-05-20,20,Sunday,N,Y,20,5,May,2,Q2,2018,2018-05,0,
20180521,2018-05-21,21,Monday,Y,N,21,5,May,2,Q2,2018,2018-05,0,
20180522,2018-05-22,22,Tuesday,Y,N,21,5,May,2,Q2,2018,2018-05,0,
20180523,2018-05-23,23,Wednesday,Y,N,21,5,May,2,Q2,2018,2018-05,0,
20180524,2018-05-24,24,Thursday,Y,N,21,5,May,2,Q2,2018,2018-05,0,
20180525,2018-05-25,25,Friday,Y,N,21,5,May,2,Q2,2018,2018-05,0,
20180526,2018-05-26,26,Saturday,N,Y,21,5,May,2,Q2,2018,2018-05,0,
20180527,2018-05-27,27,Sunday,N,Y,21,5,May,2,Q2,2018,2018-05,0,
20180528,2018-05-28,28,Monday,Y,N,22,5,May,2,Q2,2018,2018-05,0,
20180529,2018-05-29,29,Tuesday,Y,N,22,5,May,2,Q2,2018,2018-05,0,
20180530,2018-05-30,30,Wednesday,Y,N,22,5,May,2,Q2,2018,2018-05,0,
20180531,2018-05-31,31,Thursday,Y,N,22,5,May,2,Q2,2018,2018-05,1,Corpus Christi
20180601,2018-06-01,1,Friday,Y,N,22,6,June,2,Q2,2018,2018-06,0,
20180602,2018-06-02,2,Saturday,N,Y,22,6,June,2,Q2,2018,2018-06,0,
20180603,2018-06-03,3,Sunday,N,Y,22,6,June,2,Q2,2018,2018-06,0,
20180604,2018-06-04,4,Monday,Y,N,23,6,June,2,Q2,2018,2018-06,0,
20180605,2018-06-05,5,Tuesday,Y,N,23,6,June,2,Q2,2018,2018-06,0,
20180606,2018-06-06,6,Wednesday,Y,N,23,6,June,2,Q2,2018,2018-06,0,
20180607,2018-06-07,7,Thursday,Y,N,23,6,June,2,Q2,2018,2018-06,0,
20180608,2018-06-08,8,Friday,Y,N,23,6,June,2,Q2,2018,2018-06,0,
20180609,2018-06-09,9,Saturday,N,Y,23,6,June,2,Q2,2018,2018-06,0,
20180610,2018-06-10,10,Sunday,N,Y,23,6,June,2,Q2,2018,2018-06,0,
20180611,2018-06-11,11,Monday,Y,N,24,6,June,2,Q2,2018,2018-06,0,
20180612,2018-06-12,12,Tuesday,Y,N,24,6,June,2,Q2,2018,2018-06,0,
20180613,2018-06-13,13,Wednesday,Y,N,24,6,June,2,Q2,2018,2018-06,0,
20180614,2018-06-14,14,Thursday,Y,N,24,6,June,2,Q2,2018,2018-06,0,
20180615,2018-06-15,15,Friday,Y,N,24,6,June,2,Q2,2018,2018-06,0,
20180616,2018-06-16,16,Saturday,N,Y,24,6,June,2,Q2,2018,2018-06,0,
20180617,2018-06-17,17,Sunday,N,Y,24,6,June,2,Q2,2018,2018-06,0,
20180618,2018-06-18,18,Monday,Y,N,25,6,June,2,Q2,2018,2018-06,0,
20180619,2018-06-19,19,Tuesday,Y,N,25,6,June,2,Q2,2018,2018-06,0,
20180620,2018-06-20,20,Wednesday,Y,N,25,6,June,2,Q2,2018,2018-06,0,
20180621,2018-06-21,21,Thursday,Y,N,25,6,June,2,Q2,2018,2018-06,0,
20180622,2018-06-22,22,Friday,Y,N,25,6,June,2,Q2,2018,2018-06,0,
20180623,2018-06-23,23,Saturday,N,Y,25,6,June,2,Q2,2018,2018-06,0,
20180624,2018-06-24,24,Sunday,N,Y,25,6,June,2,Q2,2018,2018-06,0,
20180625,2018-06-25,25,Monday,Y,N,26,6,June,2,Q2,2018,2018-06,0,
20180626,2018-06-26,26,Tuesday,Y,N,26,6,June,2,Q2,2018,2018-06,0,
20180627,2018-06-27,27,Wednesday,Y,N,26,6,June,2,Q2,2018,2018-06,0,
20180628,2018-06-28,28,Thursday,Y,N,26,6,June,2,Q2,2018,2018-06,0,
20180629,2018-06-29,29,Friday,Y,N,26,6,June,2,Q2,2018,2018-06,0,
20180630,2018-06-30,30,Saturday,N,Y,26,6,June,2,Q2,2018,2018-06,0,
20180701,2018-07-01,1,Sunday,N,Y,26,7,July,3,Q3,2018,2018-07,0,
20180702,2018-07-02,2,Monday,Y,N,27,7,July,3,Q3,2018,2018-07,0,
20180703,2018-07-03,3,Tuesday,Y,N,27,7,July,3,Q3,2018,2018-07,0,
20180704,2018-07-04,4,Wednesday,Y,N,27,7,July,3,Q3,2018,2018-07,0,
20180705,2018-07-05,5,Thursday,Y,N,27,7,July,3,Q3,2018,2018-07,0,
20180706,2018-07-06,6,Friday,Y,N,27,7,July,3,Q3,2018,2018-07,0,
20180707,2018-07-07,7,Saturday,N,Y,27,7,July,3,Q3,2018,2018-07,0,
20180708,2018-07-08,8,Sunday,N,Y,27,7,July,3,Q3,2018,2018-07,0,
20180709,2018-07-09,9,Monday,Y,N,28,7,July,3,Q3,2018,2018-07,1,Constitutionalist Revolution of 1932
20180710,2018-07-10,10,Tuesday,Y,N,28,7,July,3,Q3,2018,2018-07,0,
20180711,2018-07-11,11,Wednesday,Y,N,28,7,July,3,Q3,2018,2018-07,0,
20180712,2018-07-12,12,Thursday,Y,N,28,7,July,3,Q3,2018,2018-07,0,
20180713,2018-07-13,13,Friday,Y,N,28,7,July,3,Q3,2018,2018-07,0,
20180714,2018-07-14,14,Saturday,N,Y,28,7,July,3,Q3,2018,2018-07,0,
20180715,2018-07-15,15,Sunday,N,Y,28,7,July,3,Q3,2018,2018-07,0,
20180716,2018-07-16,16,Monday,Y,N,29,7,July,3,Q3,2018,2018-07,0,
20180717,2018-07-17,17,Tuesday,Y,N,29,7,July,3,Q3,2018,2018-07,0,
20180718,2018-07-18,18,Wednesday,Y,N,29,7,July,3,Q3,2018,2018-07,0,
20180719,2018-07-19,19,Thursday,Y,N,29,7,July,3,Q3,2018,2018-07,0,
20180720,2018-07-20,20,Friday,Y,N,29,7,July,3,Q3,2018,2018-07,0,
20180721,2018-07-21,21,Saturday,N,Y,29,7,July,3,Q3,2018,2018-07,0,
20180722,2018-07-22,22,Sunday,N,Y,29,7,July,3,Q3,2018,2018-07,0,
20180723,2018-07-23,23,Monday,Y,N,30,7,July,3,Q3,2018,2018-07,0,
20180724,2018-07-24,24,Tuesday,Y,N,30,7,July,3,Q3,2018,2018-07,0,
20180725,2018-07-25,25,Wednesday,Y,N,30,7,July,3,Q3,2018,2018-07,0,
20180726,2018-07-26,26,Thursday,Y,N,30,7,July,3,Q3,2018,2018-07,0,
20180727,2018-07-27,27,Friday,Y,N,30,7,July,3,Q3,2018,2018-07,0,
20180728,2018-07-28,28,Saturday,N,Y,30,7,July,3,Q3,2018,2018-07,0,
20180729,2018-07-29,29,Sunday,N,Y,30,7,July,3,Q3,2018,2018-07,0,
20180730,2018-07-30,30,Monday,Y,N,31,7,July,3,Q3,2018,2018-07,0,
20180731,2018-07-31,31,Tuesday,Y,N,31,7,July,3,Q3,2018,2018-07,0,
20180801,2018-08-01,1,Wednesday,Y,N,31,8,August,3,Q3,2018,2018-08,0,
20180802,2018-08-02,2,Thursday,Y,N,31,8,August,3,Q3,2018,2018-08,0,
20180803,2018-08-03,3,Friday,Y,N,31,8,August,3,Q3,2018,2018-08,0,
20180804,2018-08-04,4,Saturday,N,Y,31,8,August,3,Q3,2018,2018-08,0,
20180805,2018-08-05,5,Sunday,N,Y,31,8,August,3,Q3,2018,2018-08,0,
20180806,2018-08-06,6,Monday,Y,N,32,8,August,3,Q3,2018,2018-08,0,
20180807,2018-08-07,7,Tuesday,Y,N,32,8,August,3,Q3,2018,2018-08,0,
20180808,2018-08-08,8,Wednesday,Y,N,32,8,August,3,Q3,2018,2018-08,0,
20180809,2018-08-09,9,Thursday,Y,N,32,8,August,3,Q3,2018,2018-08,0,
20180810,2018-08-10,10,Friday,Y,N,32,8,August,3,Q3,2018,2018-08,0,
20180811,2018-08-11,11,Saturday,N,Y,32,8,August,3,Q3,2018,2018-08,0,
20180812,2018-08-12,12,Sunday,N,Y,32,8,August,3,Q3,2018,2018-08,0,
20180813,2018-08-13,13,Monday,Y,N,33,8,August,3,Q3,2018,2018-08,0,
20180814,2018-08-14,14,Tuesday,Y,N,33,8,August,3,Q3,2018,2018-08,0,
20180815,2018-08-15,15,Wednesday,Y,N,33,8,August,3,Q3,2018,2018-08,0,
20180816,2018-08-16,16,Thursday,Y,N,33,8,August,3,Q3,2018,2018-08,0,
20180817,2018-08-17,17,Friday,Y,N,33,8,August,3,Q3,2018,2018-08,0,
20180818,2018-08-18,18,Saturday,N,Y,33,8,August,3,Q3,2018,2018-08,0,
20180819,2018-08-19,19,Sunday,N,Y,33,8,August,3,Q3,2018,2018-08,0,
20180820,2018-08-20,20,Monday,Y,N,34,8,August,3,Q3,2018,2018-08,0,
20180821,2018-08-21,21,Tuesday,Y,N,34,8,August,3,Q3,2018,2018-08,0,
20180822,2018-08-22,22,Wednesday,Y,N,34,8,August,3,Q3,2018,2018-08,0,
20180823,2018-08-23,23,Thursday,Y,N,34,8,August,3,Q3,2018,2018-08,0,
20180824,2018-08-24,24,Friday,Y,N,34,8,August,3,Q3,2018,2018-08,0,
20180825,2018-08-25,25,Saturday,N,Y,34,8,August,3,Q3,2018,2018-08,0,
20180826,2018-08-26,26,Sunday,N,Y,34,8,August,3,Q3,2018,2018-08,0,
20180827,2018-08-27,27,Monday,Y,N,35,8,August,3,Q3,2018,2018-08,0,
20180828,2018-08-28,28,Tuesday,Y,N,35,8,August,3,Q3,2018,2018-08,0,
20180829,2018-08-29,29,Wednesday,Y,N,35,8,August,3,Q3,2018,2018-08,0,
20180830,2018-08-30,30,Thursday,Y,N,35,8,August,3,Q3,2018,2018-08,0,
20180831,2018-08-31,31,Friday,Y,N,35,8,August,3,Q3,2018,2018-08,0,
20180901,2018-09-01,1,Saturday,N,Y,35,9,September,3,Q3,2018,2018-09,0,
20180902,2018-09-02,2,Sunday,N,Y,35,9,September,3,Q3,2018,2018-09,0,
20180903,2018-09-03,3,Monday,Y,N,36,9,September,3,Q3,2018,2018-09,0,
20180904,2018-09-04,4,Tuesday,Y,N,36,9,September,3,Q3,2018,2018-09,0,
20180905,2018-09-05,5,Wednesday,Y,N,36,9,September,3,Q3,2018,2018-09,0,
20180906,2018-09-06,6,Thursday,Y,N,36,9,September,3,Q3,2018,2018-09,0,
20180907,2018-09-07,7,Friday,Y,N,36,9,September,3,Q3,2018,2018-09,1,Independence Day
20180908,2018-09-08,8,Saturday,N,Y,36,9,September,3,Q3,2018,2018-09,0,
20180909,2018-09-09,9,Sunday,N,Y,36,9,September,3,Q3,2018,2018-09,0,
20180910,2018-09-10,10,Monday,Y,N,37,9,September,3,Q3,2018,2018-09,0,
20180911,2018-09-11,11,Tuesday,Y,N,37,9,September,3,Q3,2018,2018-09,0,
20180912,2018-09-12,12,Wednesday,Y,N,37,9,September,3,Q3,2018,2018-09,0,
20180913,2018-09-13,13,Thursday,Y,N,37,9,September,3,Q3,2018,2018-09,0,
20180914,2018-09-14,14,Friday,Y,N,37,9,September,3,Q3,2018,2018-09,0,
20180915,2018-09-15,15,Saturday,N,Y,37,9,September,3,Q3,2018,2018-09,0,
20180916,2018-09-16,16,Sunday,N,Y,37,9,September,3,Q3,2018,2018-09,0,
20180917,2018-09-17,17,Monday,Y,N,38,9,September,3,Q3,2018,2018-09,0,
20180918,2018-09-18,18,Tuesday,Y,N,38,9,September,3,Q3,2018,2018-09,0,
20180919,2018-09-19,19,Wednesday,Y,N,38,9,September,3,Q3,2018,2018-09,0,
20180920,2018-09-20,20,Thursday,Y,N,38,9,September,3,Q3,2018,2018-09,0,
20180921,2018-09-21,21,Friday,Y,N,38,9,September,3,Q3,2018,2018-09,0,
20180922,2018-09-22,22,Saturday,N,Y,38,9,September,3,Q3,2018,2018-09,0,
20180923,2018-09-23,23,Sunday,N,Y,38,9,September,3,Q3,2018,2018-09,0,
20180924,2018-09-24,24,Monday,Y,N,39,9,September,3,Q3,2018,2018-09,0,
20180925,2018-09-25,25,Tuesday,Y,N,39,9,September,3,Q3,2018,2018-09,0,
20180926,2018-09-26,26,Wednesday,Y,N,39,9,September,3,Q3,2018,2018-09,0,
20180927,2018-09-27,27,Thursday,Y,N,39,9,September,3,Q3,2018,2018-09,0,
20180928,2018-09-28,28,Friday,Y,N,39,9,September,3,Q3,2018,2018-09,0,
20180929,2018-09-29,29,Saturday,N,Y,39,9,September,3,Q3,2018,2018-09,0,
20180930,2018-09-30,30,Sunday,N,Y,39,9,September,3,Q3,2018,2018-09,0,
20181001,2018-10-01,1,Monday,Y,N,40,10,October,4,Q4,2018,2018-10,0,
20181002,2018-10-02,2,Tuesday,Y,N,40,10,October,4,Q4,2018,2018-10,0,
20181003,2018-10-03,3,Wednesday,Y,N,40,10,October,4,Q4,2018,2018-10,0,
20181004,2018-10-04,4,Thursday,Y,N,40,10,October,4,Q4,2018,2018-10,0,
20181005,2018-10-05,5,Friday,Y,N,40,10,October,4,Q4,2018,2018-10,0,
20181006,2018-10-06,6,Saturday,N,Y,40,10,October,4,Q4,2018,2018-10,0,
20181007,2018-10-07,7,Sunday,N,Y,40,10,October,4,Q4,2018,2018-10,0,
20181008,2018-10-08,8,Monday,Y,N,41,10,October,4,Q4,2018,2018-10,0,
20181009,2018-10-09,9,Tuesday,Y,N,41,10,October,4,Q4,2018,2018-10,0,
20181010,2018-10-10,10,Wednesday,Y,N,41,10,October,4,Q4,2018,2018-10,0,
20181011,2018-10-11,11,Thursday,Y,N,41,10,October,4,Q4,2018,2018-10,0,
20181012,2018-10-12,12,Friday,Y,N,41,10,October,4,Q4,2018,2018-10,1,Our Lady of Aparecida
20181013,2018-10-13,13,Saturday,N,Y,41,10,October,4,Q4,2018,2018-10,0,
20181014,2018-10-14,14,Sunday,N,Y,41,10,October,4,Q4,2018,2018-10,0,
20181015,2018-10-15,15,Monday,Y,N,42,10,October,4,Q4,2018,2018-10,0,
20181016,2018-10-16,16,Tuesday,Y,N,42,10,October,4,Q4,2018,2018-10,0,
20181017,2018-10-17,17,Wednesday,Y,N,42,10,October,4,Q4,2018,2018-10,0,
20181018,2018-10-18,18,Thursday,Y,N,42,10,October,4,Q4,2018,2018-10,0,
20181019,2018-10-19,19,Friday,Y,N,42,10,October,4,Q4,2018,2018-10,0,
20181020,2018-10-20,20,Saturday,N,Y,42,10,October,4,Q4,2018,2018-10,0,
20181021,2018-10-21,21,Sunday,N,Y,42,10,October,4,Q4,2018,2018-10,0,
20181022,2018-10-22,22,Monday,Y,N,43,10,October,4,Q4,2018,2018-10,0,
20181023,2018-10-23,23,Tuesday,Y,N,43,10,October,4,Q4,2018,2018-10,0,
20181024,2018-10-24,24,Wednesday,Y,N,43,10,October,4,Q4,2018,2018-10,0,
20181025,2018-10-25,25,Thursday,Y,N,43,10,October,4,Q4,2018,2018-10,0,
20181026,2018-10-26,26,Friday,Y,N,43,10,October,4,Q4,2018,2018-10,0,
20181027,2018-10-27,27,Saturday,N,Y,43,10,October,4,Q4,2018,2018-10,0,
20181028,2018-10-28,28,Sunday,N,Y,43,10,October,4,Q4,2018,2018-10,0,
20181029,2018-10-29,29,Monday,Y,N,44,10,October,4,Q4,2018,2018-10,0,
20181030,2018-10-30,30,Tuesday,Y,N,44,10,October,4,Q4,2018,2018-10,0,
20181031,2018-10-31,31,Wednesday,Y,N,44,10,October,4,Q4,2018,2018-10,0,
20181101,2018-11-01,1,Thursday,Y,N,44,11,November,4,Q4,2018,2018-11,0,
20181102,2018-11-02,2,Friday,Y,N,44,11,November,4,Q4,2018,2018-11,1,All Souls' Day
20181103,2018-11-03,3,Saturday,N,Y,44,11,November,4,Q4,2018,2018-11,0,
20181104,2018-11-04,4,Sunday,N,Y,44,11,November,4,Q4,2018,2018-11,0,
20181105,2018-11-05,5,Monday,Y,N,45,11,November,4,Q4,2018,2018-11,0,
20181106,2018-11-06,6,Tuesday,Y,N,45,11,November,4,Q4,2018,2018-11,0,
20181107,2018-11-07,7,Wednesday,Y,N,45,11,November,4,Q4,2018,2018-11,0,
20181108,2018-11-08,8,Thursday,Y,N,45,11,November,4,Q4,2018,2018-11,0,
20181109,2018-11-09,9,Friday,Y,N,45,11,November,4,Q4,2018,2018-11,0,
20181110,2018-11-10,10,Saturday,N,Y,45,11,November,4,Q4,2018,2018-11,0,
20181111,2018-11-11,11,Sunday,N,Y,45,11,November,4,Q4,2018,2018-11,0,
20181112,2018-11-12,12,Monday,Y,N,46,11,November,4,Q4,2018,2018-11,0,
20181113,2018-11-13,13,Tuesday,Y,N,46,11,November,4,Q4,2018,2018-11,0,
20181114,2018-11-14,14,Wednesday,Y,N,46,11,November,4,Q4,2018,2018-11,0,
20181115,2018-11-15,15,Thursday,Y,N,46,11,November,4,Q4,2018,2018-11,1,Republic Proclamation Day
20181116,2018-11-16,16,Friday,Y,N,46,11,November,4,Q4,2018,2018-11,0,
20181117,2018-11-17,17,Saturday,N,Y,46,11,November,4,Q4,2018,2018-11,0,
20181118,2018-11-18,18,Sunday,N,Y,46,11,November,4,Q4,2018,2018-11,0,
20181119,2018-11-19,19,Monday,Y,N,47,11,November,4,Q4,2018,2018-11,0,
20181120,2018-11-20,20,Tuesday,Y,N,47,11,November,4,Q4,2018,2018-11,0,
20181121,2018-11-21,21,Wednesday,Y,N,47,11,November,4,Q4,2018,2018-11,0,
20181122,2018-11-22,22,Thursday,Y,N,47,11,November,4,Q4,2018,2018-11,0,
20181123,2018-11-23,23,Friday,Y,N,47,11,November,4,Q4,2018,2018-11,0,
20181124,2018-11-24,24,Saturday,N,Y,47,11,November,4,Q4,2018,2018-11,0,
20181125,2018-11-25,25,Sunday,N,Y,47,11,November,4,Q4,2018,2018-11,0,
20181126,2018-11-26,26,Monday,Y,N,48,11,November,4,Q4,2018,2018-11,0,
20181127,2018-11-27,27,Tuesday,Y,N,48,11,November,4,Q4,2018,2018-11,0,
20181128,2018-11-28,28,Wednesday,Y,N,48,11,November,4,Q4,2018,2018-11,0,
20181129,2018-11-29,29,Thursday,Y,N,48,11,November,4,Q4,2018,2018-11,0,
20181130,2018-11-30,30,Friday,Y,N,48,11,November,4,Q4,2018,2018-11,0,
20181201,2018-12-01,1,Saturday,N,Y,48,12,December,4,Q4,2018,2018-12,0,
20181202,2018-12-02,2,Sunday,N,Y,48,12,December,4,Q4,2018,2018-12,0,
20181203,2018-12-03,3,Monday,Y,N,49,12,December,4,Q4,2018,2018-12,0,
20181204,2018-12-04,4,Tuesday,Y,N,49,12,December,4,Q4,2018,2018-12,0,
20181205,2018-12-05,5,Wednesday,Y,N,49,12,December,4,Q4,2018,2018-12,0,
20181206,2018-12-06,6,Thursday,Y,N,49,12,December,4,Q4,2018,2018-12,0,
20181207,2018-12-07,7,Friday,Y,N,49,12,December,4,Q4,2018,2018-12,0,
20181208,2018-12-08,8,Saturday,N,Y,49,12,December,4,Q4,2018,2018-12,0,
20181209,2018-12-09,9,Sunday,N,Y,49,12,December,4,Q4,2018,2018-12,0,
20181210,2018-12-10,10,Monday,Y,N,50,12,December,4,Q4,2018,2018-12,0,
20181211,2018-12-11,11,Tuesday,Y,N,50,12,December,4,Q4,2018,2018-12,0,
20181212,2018-12-12,12,Wednesday,Y,N,50,12,December,4,Q4,2018,2018-12,0,
20181213,2018-12-13,13,Thursday,Y,N,50,12,December,4,Q4,2018,2018-12,0,
20181214,2018-12-14,14,Friday,Y,N,50,12,December,4,Q4,2018,2018-12,0,
20181215,2018-12-15,15,Saturday,N,Y,50,12,December,4,Q4,2018,2018-12,0,
20181216,2018-12-16,16,Sunday,N,Y,50,12,December,4,Q4,2018,2018-12,0,
20181217,2018-12-17,17,Monday,Y,N,51,12,December,4,Q4,2018,2018-12,0,
20181218,2018-12-18,18,Tuesday,Y,N,51,12,December,4,Q4,2018,2018-12,0,
20181219,2018-12-19,19,Wednesday,Y,N,51,12,December,4,Q4,2018,2018-12,0,
20181220,2018-12-20,20,Thursday,Y,N,51,12,December,4,Q4,2018,2018-12,0,
20181221,2018-12-21,21,Friday,Y,N,51,12,December,4,Q4,2018,2018-12,0,
20181222,2018-12-22,22,Saturday,N,Y,51,12,December,4,Q4,2018,2018-12,0,
20181223,2018-12-23,23,Sunday,N,Y,51,12,December,4,Q4,2018,2018-12,0,
20181224,2018-12-24,24,Monday,Y,N,52,12,December,4,Q4,2018,2018-12,0,
20181225,2018-12-25,25,Tuesday,Y,N,52,12,December,4,Q4,2018,2018-12,1,Christmas Day
20181226,2018-12-26,26,Wednesday,Y,N,52,12,December,4,Q4,2018,2018-12,0,
20181227,2018-12-27,27,Thursday,Y,N,52,12,December,4,Q4,2018,2018-12,0,
20181228,2018-12-28,28,Friday,Y,N,52,12,December,4,Q4,2018,2018-12,0,
20181229,2018-12-29,29,Saturday,N,Y,52,12,December,4,Q4,2018,2018-12,0,
20181230,2018-12-30,30,Sunday,N,Y,52,12,December,4,Q4,2018,2018-12,0,
20181231,2018-12-31,31,Monday,Y,N,1,12,December,4,Q4,2018,2018-12,0,
