CustomerState,Revenue,AvgReview
SP,2660684.43,4.174425943006942
RJ,849187.3,3.8101618235601182
MG,791383.81,4.084121877365632
RS,345600.75,4.082393755420642
PR,345130.18,4.105711849957374
BA,269075.33,3.769385026737968
SC,267807.59,4.008393285371703
DF,161867.44,4.051184834123223
GO,140393.55,3.9655361050328226
PE,138962.47,4.030872483221477
ES,131334.79,4.005084745762712
CE,113328.14,3.7542372881355934
PA,77681.35,3.60989010989011
MT,73212.21,4.056097560975609
PB,57296.34,4.088235294117647
MS,55710.91,3.94311377245509
MA,53890.3,3.7580071174377223
PI,51017.57,3.7757009345794392
RN,46975.020000000004,4.164285714285715
AL,35941.58,3.81437125748503
SE,25765.84,3.9133858267716537
TO,24859.63,3.9910714285714284
RO,19491.3,4.098765432098766
AM,11679.17,3.830769230769231
AP,7652.38,4.21875
RR,4692.14,3.8947368421052633
AC,4522.34,4.304347826086956
