CategoryNameEnglish,Items,OnTimePct,AvgDeliveryDays,AvgReview,Revenue
audio,362,88.39779005524862,12.883977900552486,3.8365921787709496,56255.32
home_confort,429,90.67599067599068,13.039627039627039,3.8548009367681497,66438.22
books_technical,263,92.01520912547528,10.2319391634981,4.3893129770992365,22901.07
office_furniture,1668,92.0263788968825,20.386690647482013,3.5133010882708584,335211.36
baby,2982,92.32059020791415,12.056338028169014,4.0782358905035485,466727.65
electronics,2729,92.41480395749359,12.424697691462073,4.067158671586716,200723.09
health_beauty,9465,92.43528790279979,11.515478077126255,4.189729135644899,1412089.53
Other,1537,92.51789199739753,12.314899154196487,3.9386885245901637,197695.69
musical_instruments,651,92.62672811059907,12.502304147465438,4.221705426356589,202187.12
construction_tools_lights,301,92.69102990033223,9.245847176079733,4.082191780821918,47447.14
watches_gifts,5857,92.79494621820045,12.19173638381424,4.071391708240151,1264016.98
furniture_living_room,495,92.92929292929293,13.294949494949496,3.9346938775510205,85045.07
furniture_decor,8160,92.9656862745098,12.404044117647059,3.9537747524752476,880329.92
auto,4139,92.96931625996618,11.76636868808891,4.115788189360663,669319.92
bed_bath_table,10953,92.96996256733316,12.336802702455948,3.923968239313083,1225209.26
food,499,92.98597194388778,9.100200400801603,4.262833675564682,35794.68
telephony,4430,93.04740406320542,12.383747178329571,3.9943233424159854,379202.62
stationery,2466,93.22789943227899,12.282643957826439,4.245818033455732,269575.05
garden_tools,4268,93.43955014058108,13.231958762886597,4.084316037735849,567145.68
perfumery,3340,93.50299401197604,11.281137724550899,4.219735656353259,443171.63
computers_accessories,7643,93.51040167473505,12.779798508439095,3.9868542132246616,1032603.65
industry_commerce_and_business,264,93.56060606060606,10.31060606060606,4.1226053639846745,45725.1
toys,4029,93.64606602134525,11.233804914370811,4.208729364682341,546856.4400000001
construction_tools_construction,916,93.66812227074236,10.2882096069869,4.090010976948409,162382.01
sports_leisure,8430,93.68920521945434,11.68979833926453,4.165393338904142,1118062.91
books_general_interest,536,93.84328358208955,11.171641791044776,4.511278195488722,54127.57
home_appliances_2,231,93.93939393939394,13.424242424242424,4.156521739130435,118208.52
consoles_games,1089,94.12304866850322,13.144168962350781,4.13855421686747,167097.73
home_construction,596,94.12751677852349,12.758389261744966,3.95777027027027,95022.37
cool_stuff,3718,94.1635287789134,11.898601398601398,4.194903767958796,691680.89
costruction_tools_garden,232,94.39655172413794,11.431034482758621,4.116379310344827,30283.94
fashion_bags_accessories,1985,94.7103274559194,10.605541561712846,4.1936708860759495,179888.29
housewares,6795,94.9963208241354,10.456512141280353,4.107904085257549,758392.25
pet_shop,1924,95.06237006237006,10.763513513513514,4.216710182767624,250614.2
small_appliances,658,95.44072948328267,10.325227963525835,4.225114854517611,198108.47
home_appliances,754,95.49071618037135,10.86737400530504,4.222148246782068,93301.78
drinks,361,95.56786703601108,10.01939058171745,4.119113573407202,26971.11
kitchen_dining_laundry_garden_furniture,274,95.62043795620438,11.452554744525548,4.033088235294118,57072.97
fashion_shoes,257,95.71984435797665,14.933852140077821,4.290513833992095,27814.829999999998
luggage_accessories,1077,95.82172701949861,10.19405756731662,4.352283317800559,168778.12
food_drink,269,95.91078066914498,10.449814126394052,4.366171003717472,19337.77
fixed_telephony,255,96.07843137254902,12.235294117647058,3.757936507936508,59816.54
air_conditioning,289,96.19377162629758,11.792387543252595,4.052816901408451,59854.55
market_place,305,96.39344262295081,11.675409836065574,4.072607260726072,33114.38
agro_industry_and_commerce,206,96.60194174757282,11.223300970873787,4.087378640776699,76203.3
