date,localName,name,countryCode,fixed,global,counties,launchYear,types
2016-01-01,Confraternização Universal,New Year's Day,BR,False,True,,,['Public']
2016-02-08,Carnaval,Carnival,BR,False,True,,,"['Bank', 'Optional']"
2016-02-09,Carnaval,Carnival,BR,False,True,,,"['Bank', 'Optional']"
2016-03-25,Sexta-feira Santa,Good Friday,BR,False,True,,,['Public']
2016-03-27,Domingo de Páscoa,Easter Sunday,BR,False,True,,,['Public']
2016-04-21,Dia de Tiradentes,Tiradentes,BR,False,True,,,['Public']
2016-05-01,Dia do Trabalhador,Labour Day,BR,False,True,,,['Public']
2016-05-26,Corpus Christi,Corpus Christi,BR,False,True,,,['Public']
2016-07-09,Revolução Constitucionalista de 1932,Constitutionalist Revolution of 1932,BR,False,False,['BR-SP'],,['Public']
2016-09-07,Dia da Independência,Independence Day,BR,False,True,,,['Public']
2016-10-12,Nossa Senhora Aparecida,Our Lady of Aparecida,BR,False,True,,,['Public']
2016-11-02,Dia de Finados,All Souls' Day,BR,False,True,,,['Public']
2016-11-15,Proclamação da República,Republic Proclamation Day,BR,False,True,,,['Public']
2016-12-25,Natal,Christmas Day,BR,False,True,,,['Public']
2017-01-01,Confraternização Universal,New Year's Day,BR,False,True,,,['Public']
2017-02-27,Carnaval,Carnival,BR,False,True,,,"['Bank', 'Optional']"
2017-02-28,Carnaval,Carnival,BR,False,True,,,"['Bank', 'Optional']"
2017-04-14,Sexta-feira Santa,Good Friday,BR,False,True,,,['Public']
2017-04-16,Domingo de Páscoa,Easter Sunday,BR,False,True,,,['Public']
2017-04-21,Dia de Tiradentes,Tiradentes,BR,False,True,,,['Public']
2017-05-01,Dia do Trabalhador,Labour Day,BR,False,True,,,['Public']
2017-06-15,Corpus Christi,Corpus Christi,BR,False,True,,,['Public']
2017-07-09,Revolução Constitucionalista de 1932,Constitutionalist Revolution of 1932,BR,False,False,['BR-SP'],,['Public']
2017-09-07,Dia da Independência,Independence Day,BR,False,True,,,['Public']
2017-10-12,Nossa Senhora Aparecida,Our Lady of Aparecida,BR,False,True,,,['Public']
2017-11-02,Dia de Finados,All Souls' Day,BR,False,True,,,['Public']
2017-11-15,Proclamação da República,Republic Proclamation Day,BR,False,True,,,['Public']
2017-12-25,Natal,Christmas Day,BR,False,True,,,['Public']
2018-01-01,Confraternização Universal,New Year's Day,BR,False,True,,,['Public']
2018-02-12,Carnaval,Carnival,BR,False,True,,,"['Bank', 'Optional']"
2018-02-13,Carnaval,Carnival,BR,False,True,,,"['Bank', 'Optional']"
2018-03-30,Sexta-feira Santa,Good Friday,BR,False,True,,,['Public']
2018-04-01,Domingo de Páscoa,Easter Sunday,BR,False,True,,,['Public']
2018-04-21,Dia de Tiradentes,Tiradentes,BR,False,True,,,['Public']
2018-05-01,Dia do Trabalhador,Labour Day,BR,False,True,,,['Public']
2018-05-31,Corpus Christi,Corpus Christi,BR,False,True,,,['Public']
2018-07-09,Revolução Constitucionalista de 1932,Constitutionalist Revolution of 1932,BR,False,False,['BR-SP'],,['Public']
2018-09-07,Dia da Independência,Independence Day,BR,False,True,,,['Public']
2018-10-12,Nossa Senhora Aparecida,Our Lady of Aparecida,BR,False,True,,,['Public']
2018-11-02,Dia de Finados,All Souls' Day,BR,False,True,,,['Public']
2018-11-15,Proclamação da República,Republic Proclamation Day,BR,False,True,,,['Public']
2018-12-25,Natal,Christmas Day,BR,False,True,,,['Public']
